"id","condition","mc_sequence","stage","detail","interview","activity","critical","interviewee","sos_training"
1,"Basic","3 4 6 1","int1_st1",0,0,0,0,"1_0",0
1,"Basic","3 4 6 1","int1_st2",1,0,1,0,"1_0",0
1,"Basic","3 4 6 1","int1_st3",1,0,2,0,"1_0",0
1,"Basic","3 4 6 1","int1_st4",0,0,3,0,"1_0",0
1,"Basic","3 4 6 1","int1_st5",0,0,4,1,"1_0",0
1,"Basic","3 4 6 1","int1_st6",0,0,5,1,"1_0",0
1,"Basic","3 4 6 1","int2_st1",0,1,0,0,"1_1",0
1,"Basic","3 4 6 1","int2_st2",4,1,1,0,"1_1",0
1,"Basic","3 4 6 1","int2_st3",2,1,2,0,"1_1",0
1,"Basic","3 4 6 1","int2_st4",1,1,3,0,"1_1",0
1,"Basic","3 4 6 1","int2_st5",0,1,4,1,"1_1",0
1,"Basic","3 4 6 1","int2_st6",0,1,5,1,"1_1",0
1,"Basic","3 4 6 1","int3_st1",3,2,0,0,"1_2",0
1,"Basic","3 4 6 1","int3_st2",1,2,1,0,"1_2",0
1,"Basic","3 4 6 1","int3_st3",1,2,2,0,"1_2",0
1,"Basic","3 4 6 1","int3_st4",0,2,3,0,"1_2",0
1,"Basic","3 4 6 1","int3_st5",0,2,4,1,"1_2",0
1,"Basic","3 4 6 1","int3_st6",1,2,5,1,"1_2",0
1,"Basic","3 4 6 1","int4_st1",0,3,0,0,"1_3",0
1,"Basic","3 4 6 1","int4_st2",1,3,1,0,"1_3",0
1,"Basic","3 4 6 1","int4_st3",1,3,2,0,"1_3",0
1,"Basic","3 4 6 1","int4_st4",0,3,3,0,"1_3",0
1,"Basic","3 4 6 1","int4_st5",0,3,4,1,"1_3",0
1,"Basic","3 4 6 1","int4_st6",0,3,5,1,"1_3",0
1,"Basic","3 4 6 1","int5_st1",NA,4,0,0,"1_4",0
1,"Basic","3 4 6 1","int5_st2",NA,4,1,0,"1_4",0
1,"Basic","3 4 6 1","int5_st3",NA,4,2,0,"1_4",0
1,"Basic","3 4 6 1","int5_st4",NA,4,3,0,"1_4",0
1,"Basic","3 4 6 1","int5_st5",NA,4,4,1,"1_4",0
1,"Basic","3 4 6 1","int5_st6",NA,4,5,1,"1_4",0
1,"Basic","3 4 6 1","int6_st1",NA,5,0,0,"1_5",0
1,"Basic","3 4 6 1","int6_st2",NA,5,1,0,"1_5",0
1,"Basic","3 4 6 1","int6_st3",NA,5,2,0,"1_5",0
1,"Basic","3 4 6 1","int6_st4",NA,5,3,0,"1_5",0
1,"Basic","3 4 6 1","int6_st5",NA,5,4,1,"1_5",0
1,"Basic","3 4 6 1","int6_st6",NA,5,5,1,"1_5",0
2,"Basic","2 4 5 1","int1_st1",4,0,0,0,"2_0",0
2,"Basic","2 4 5 1","int1_st2",2,0,1,0,"2_0",0
2,"Basic","2 4 5 1","int1_st3",0,0,2,0,"2_0",0
2,"Basic","2 4 5 1","int1_st4",3,0,3,0,"2_0",0
2,"Basic","2 4 5 1","int1_st5",0,0,4,1,"2_0",0
2,"Basic","2 4 5 1","int1_st6",0,0,5,1,"2_0",0
2,"Basic","2 4 5 1","int2_st1",0,1,0,0,"2_1",0
2,"Basic","2 4 5 1","int2_st2",0,1,1,0,"2_1",0
2,"Basic","2 4 5 1","int2_st3",1,1,2,0,"2_1",0
2,"Basic","2 4 5 1","int2_st4",0,1,3,0,"2_1",0
2,"Basic","2 4 5 1","int2_st5",0,1,4,1,"2_1",0
2,"Basic","2 4 5 1","int2_st6",0,1,5,1,"2_1",0
2,"Basic","2 4 5 1","int3_st1",1,2,0,0,"2_2",0
2,"Basic","2 4 5 1","int3_st2",0,2,1,0,"2_2",0
2,"Basic","2 4 5 1","int3_st3",5,2,2,0,"2_2",0
2,"Basic","2 4 5 1","int3_st4",1,2,3,0,"2_2",0
2,"Basic","2 4 5 1","int3_st5",0,2,4,1,"2_2",0
2,"Basic","2 4 5 1","int3_st6",0,2,5,1,"2_2",0
2,"Basic","2 4 5 1","int4_st1",5,3,0,0,"2_3",0
2,"Basic","2 4 5 1","int4_st2",2,3,1,0,"2_3",0
2,"Basic","2 4 5 1","int4_st3",0,3,2,0,"2_3",0
2,"Basic","2 4 5 1","int4_st4",2,3,3,0,"2_3",0
2,"Basic","2 4 5 1","int4_st5",1,3,4,1,"2_3",0
2,"Basic","2 4 5 1","int4_st6",0,3,5,1,"2_3",0
2,"Basic","2 4 5 1","int5_st1",NA,4,0,0,"2_4",0
2,"Basic","2 4 5 1","int5_st2",NA,4,1,0,"2_4",0
2,"Basic","2 4 5 1","int5_st3",NA,4,2,0,"2_4",0
2,"Basic","2 4 5 1","int5_st4",NA,4,3,0,"2_4",0
2,"Basic","2 4 5 1","int5_st5",NA,4,4,1,"2_4",0
2,"Basic","2 4 5 1","int5_st6",NA,4,5,1,"2_4",0
2,"Basic","2 4 5 1","int6_st1",NA,5,0,0,"2_5",0
2,"Basic","2 4 5 1","int6_st2",NA,5,1,0,"2_5",0
2,"Basic","2 4 5 1","int6_st3",NA,5,2,0,"2_5",0
2,"Basic","2 4 5 1","int6_st4",NA,5,3,0,"2_5",0
2,"Basic","2 4 5 1","int6_st5",NA,5,4,1,"2_5",0
2,"Basic","2 4 5 1","int6_st6",NA,5,5,1,"2_5",0
3,"SoS","1 4 6 2","int1_st1",2,0,0,0,"3_0",1
3,"SoS","1 4 6 2","int1_st2",2,0,1,0,"3_0",1
3,"SoS","1 4 6 2","int1_st3",5,0,2,0,"3_0",1
3,"SoS","1 4 6 2","int1_st4",3,0,3,0,"3_0",1
3,"SoS","1 4 6 2","int1_st5",4,0,4,1,"3_0",1
3,"SoS","1 4 6 2","int1_st6",1,0,5,1,"3_0",1
3,"SoS","1 4 6 2","int2_st1",1,1,0,0,"3_1",1
3,"SoS","1 4 6 2","int2_st2",0,1,1,0,"3_1",1
3,"SoS","1 4 6 2","int2_st3",0,1,2,0,"3_1",1
3,"SoS","1 4 6 2","int2_st4",0,1,3,0,"3_1",1
3,"SoS","1 4 6 2","int2_st5",1,1,4,1,"3_1",1
3,"SoS","1 4 6 2","int2_st6",0,1,5,1,"3_1",1
3,"SoS","1 4 6 2","int3_st1",4,2,0,0,"3_2",1
3,"SoS","1 4 6 2","int3_st2",4,2,1,0,"3_2",1
3,"SoS","1 4 6 2","int3_st3",2,2,2,0,"3_2",1
3,"SoS","1 4 6 2","int3_st4",4,2,3,0,"3_2",1
3,"SoS","1 4 6 2","int3_st5",1,2,4,1,"3_2",1
3,"SoS","1 4 6 2","int3_st6",1,2,5,1,"3_2",1
3,"SoS","1 4 6 2","int4_st1",0,3,0,0,"3_3",1
3,"SoS","1 4 6 2","int4_st2",2,3,1,0,"3_3",1
3,"SoS","1 4 6 2","int4_st3",2,3,2,0,"3_3",1
3,"SoS","1 4 6 2","int4_st4",2,3,3,0,"3_3",1
3,"SoS","1 4 6 2","int4_st5",1,3,4,1,"3_3",1
3,"SoS","1 4 6 2","int4_st6",0,3,5,1,"3_3",1
3,"SoS","1 4 6 2","int5_st1",NA,4,0,0,"3_4",NA
3,"SoS","1 4 6 2","int5_st2",NA,4,1,0,"3_4",NA
3,"SoS","1 4 6 2","int5_st3",NA,4,2,0,"3_4",NA
3,"SoS","1 4 6 2","int5_st4",NA,4,3,0,"3_4",NA
3,"SoS","1 4 6 2","int5_st5",NA,4,4,1,"3_4",NA
3,"SoS","1 4 6 2","int5_st6",NA,4,5,1,"3_4",NA
3,"SoS","1 4 6 2","int6_st1",NA,5,0,0,"3_5",NA
3,"SoS","1 4 6 2","int6_st2",NA,5,1,0,"3_5",NA
3,"SoS","1 4 6 2","int6_st3",NA,5,2,0,"3_5",NA
3,"SoS","1 4 6 2","int6_st4",NA,5,3,0,"3_5",NA
3,"SoS","1 4 6 2","int6_st5",NA,5,4,1,"3_5",NA
3,"SoS","1 4 6 2","int6_st6",NA,5,5,1,"3_5",NA
4,"Basic","5 1 4 6","int1_st1",2,0,0,0,"4_0",0
4,"Basic","5 1 4 6","int1_st2",0,0,1,0,"4_0",0
4,"Basic","5 1 4 6","int1_st3",2,0,2,0,"4_0",0
4,"Basic","5 1 4 6","int1_st4",0,0,3,0,"4_0",0
4,"Basic","5 1 4 6","int1_st5",2,0,4,1,"4_0",0
4,"Basic","5 1 4 6","int1_st6",0,0,5,1,"4_0",0
4,"Basic","5 1 4 6","int2_st1",1,1,0,0,"4_1",0
4,"Basic","5 1 4 6","int2_st2",0,1,1,0,"4_1",0
4,"Basic","5 1 4 6","int2_st3",0,1,2,0,"4_1",0
4,"Basic","5 1 4 6","int2_st4",1,1,3,0,"4_1",0
4,"Basic","5 1 4 6","int2_st5",0,1,4,1,"4_1",0
4,"Basic","5 1 4 6","int2_st6",0,1,5,1,"4_1",0
4,"Basic","5 1 4 6","int3_st1",0,2,0,0,"4_2",0
4,"Basic","5 1 4 6","int3_st2",0,2,1,0,"4_2",0
4,"Basic","5 1 4 6","int3_st3",0,2,2,0,"4_2",0
4,"Basic","5 1 4 6","int3_st4",0,2,3,0,"4_2",0
4,"Basic","5 1 4 6","int3_st5",1,2,4,1,"4_2",0
4,"Basic","5 1 4 6","int3_st6",0,2,5,1,"4_2",0
4,"Basic","5 1 4 6","int4_st1",3,3,0,0,"4_3",0
4,"Basic","5 1 4 6","int4_st2",1,3,1,0,"4_3",0
4,"Basic","5 1 4 6","int4_st3",0,3,2,0,"4_3",0
4,"Basic","5 1 4 6","int4_st4",0,3,3,0,"4_3",0
4,"Basic","5 1 4 6","int4_st5",0,3,4,1,"4_3",0
4,"Basic","5 1 4 6","int4_st6",0,3,5,1,"4_3",0
4,"Basic","5 1 4 6","int5_st1",NA,4,0,0,"4_4",0
4,"Basic","5 1 4 6","int5_st2",NA,4,1,0,"4_4",0
4,"Basic","5 1 4 6","int5_st3",NA,4,2,0,"4_4",0
4,"Basic","5 1 4 6","int5_st4",NA,4,3,0,"4_4",0
4,"Basic","5 1 4 6","int5_st5",NA,4,4,1,"4_4",0
4,"Basic","5 1 4 6","int5_st6",NA,4,5,1,"4_4",0
4,"Basic","5 1 4 6","int6_st1",4,5,0,0,"4_5",0
4,"Basic","5 1 4 6","int6_st2",2,5,1,0,"4_5",0
4,"Basic","5 1 4 6","int6_st3",5,5,2,0,"4_5",0
4,"Basic","5 1 4 6","int6_st4",4,5,3,0,"4_5",0
4,"Basic","5 1 4 6","int6_st5",0,5,4,1,"4_5",0
4,"Basic","5 1 4 6","int6_st6",0,5,5,1,"4_5",0
5,"Basic","3 4 1 5","int1_st1",3,0,0,0,"5_0",0
5,"Basic","3 4 1 5","int1_st2",0,0,1,0,"5_0",0
5,"Basic","3 4 1 5","int1_st3",0,0,2,0,"5_0",0
5,"Basic","3 4 1 5","int1_st4",2,0,3,0,"5_0",0
5,"Basic","3 4 1 5","int1_st5",1,0,4,1,"5_0",0
5,"Basic","3 4 1 5","int1_st6",1,0,5,1,"5_0",0
5,"Basic","3 4 1 5","int2_st1",0,1,0,0,"5_1",0
5,"Basic","3 4 1 5","int2_st2",1,1,1,0,"5_1",0
5,"Basic","3 4 1 5","int2_st3",0,1,2,0,"5_1",0
5,"Basic","3 4 1 5","int2_st4",1,1,3,0,"5_1",0
5,"Basic","3 4 1 5","int2_st5",0,1,4,1,"5_1",0
5,"Basic","3 4 1 5","int2_st6",0,1,5,1,"5_1",0
5,"Basic","3 4 1 5","int3_st1",0,2,0,0,"5_2",0
5,"Basic","3 4 1 5","int3_st2",1,2,1,0,"5_2",0
5,"Basic","3 4 1 5","int3_st3",0,2,2,0,"5_2",0
5,"Basic","3 4 1 5","int3_st4",0,2,3,0,"5_2",0
5,"Basic","3 4 1 5","int3_st5",1,2,4,1,"5_2",0
5,"Basic","3 4 1 5","int3_st6",0,2,5,1,"5_2",0
5,"Basic","3 4 1 5","int4_st1",0,3,0,0,"5_3",0
5,"Basic","3 4 1 5","int4_st2",0,3,1,0,"5_3",0
5,"Basic","3 4 1 5","int4_st3",2,3,2,0,"5_3",0
5,"Basic","3 4 1 5","int4_st4",2,3,3,0,"5_3",0
5,"Basic","3 4 1 5","int4_st5",1,3,4,1,"5_3",0
5,"Basic","3 4 1 5","int4_st6",0,3,5,1,"5_3",0
5,"Basic","3 4 1 5","int5_st1",NA,4,0,0,"5_4",0
5,"Basic","3 4 1 5","int5_st2",NA,4,1,0,"5_4",0
5,"Basic","3 4 1 5","int5_st3",NA,4,2,0,"5_4",0
5,"Basic","3 4 1 5","int5_st4",NA,4,3,0,"5_4",0
5,"Basic","3 4 1 5","int5_st5",NA,4,4,1,"5_4",0
5,"Basic","3 4 1 5","int5_st6",NA,4,5,1,"5_4",0
5,"Basic","3 4 1 5","int6_st1",NA,5,0,0,"5_5",0
5,"Basic","3 4 1 5","int6_st2",NA,5,1,0,"5_5",0
5,"Basic","3 4 1 5","int6_st3",NA,5,2,0,"5_5",0
5,"Basic","3 4 1 5","int6_st4",NA,5,3,0,"5_5",0
5,"Basic","3 4 1 5","int6_st5",NA,5,4,1,"5_5",0
5,"Basic","3 4 1 5","int6_st6",NA,5,5,1,"5_5",0
6,"Basic","3 2 1 5","int1_st1",0,0,0,0,"6_0",0
6,"Basic","3 2 1 5","int1_st2",0,0,1,0,"6_0",0
6,"Basic","3 2 1 5","int1_st3",0,0,2,0,"6_0",0
6,"Basic","3 2 1 5","int1_st4",0,0,3,0,"6_0",0
6,"Basic","3 2 1 5","int1_st5",0,0,4,1,"6_0",0
6,"Basic","3 2 1 5","int1_st6",0,0,5,1,"6_0",0
6,"Basic","3 2 1 5","int2_st1",1,1,0,0,"6_1",0
6,"Basic","3 2 1 5","int2_st2",0,1,1,0,"6_1",0
6,"Basic","3 2 1 5","int2_st3",0,1,2,0,"6_1",0
6,"Basic","3 2 1 5","int2_st4",0,1,3,0,"6_1",0
6,"Basic","3 2 1 5","int2_st5",0,1,4,1,"6_1",0
6,"Basic","3 2 1 5","int2_st6",1,1,5,1,"6_1",0
6,"Basic","3 2 1 5","int3_st1",NA,2,0,0,"6_2",0
6,"Basic","3 2 1 5","int3_st2",NA,2,1,0,"6_2",0
6,"Basic","3 2 1 5","int3_st3",NA,2,2,0,"6_2",0
6,"Basic","3 2 1 5","int3_st4",NA,2,3,0,"6_2",0
6,"Basic","3 2 1 5","int3_st5",NA,2,4,1,"6_2",0
6,"Basic","3 2 1 5","int3_st6",NA,2,5,1,"6_2",0
6,"Basic","3 2 1 5","int4_st1",NA,3,0,0,"6_3",0
6,"Basic","3 2 1 5","int4_st2",NA,3,1,0,"6_3",0
6,"Basic","3 2 1 5","int4_st3",NA,3,2,0,"6_3",0
6,"Basic","3 2 1 5","int4_st4",NA,3,3,0,"6_3",0
6,"Basic","3 2 1 5","int4_st5",NA,3,4,1,"6_3",0
6,"Basic","3 2 1 5","int4_st6",NA,3,5,1,"6_3",0
6,"Basic","3 2 1 5","int5_st1",NA,4,0,0,"6_4",0
6,"Basic","3 2 1 5","int5_st2",NA,4,1,0,"6_4",0
6,"Basic","3 2 1 5","int5_st3",NA,4,2,0,"6_4",0
6,"Basic","3 2 1 5","int5_st4",NA,4,3,0,"6_4",0
6,"Basic","3 2 1 5","int5_st5",NA,4,4,1,"6_4",0
6,"Basic","3 2 1 5","int5_st6",NA,4,5,1,"6_4",0
6,"Basic","3 2 1 5","int6_st1",NA,5,0,0,"6_5",0
6,"Basic","3 2 1 5","int6_st2",NA,5,1,0,"6_5",0
6,"Basic","3 2 1 5","int6_st3",NA,5,2,0,"6_5",0
6,"Basic","3 2 1 5","int6_st4",NA,5,3,0,"6_5",0
6,"Basic","3 2 1 5","int6_st5",NA,5,4,1,"6_5",0
6,"Basic","3 2 1 5","int6_st6",NA,5,5,1,"6_5",0
7,"SoS","2 4 5 1","int1_st1",4,0,0,0,"7_0",1
7,"SoS","2 4 5 1","int1_st2",1,0,1,0,"7_0",1
7,"SoS","2 4 5 1","int1_st3",2,0,2,0,"7_0",1
7,"SoS","2 4 5 1","int1_st4",0,0,3,0,"7_0",1
7,"SoS","2 4 5 1","int1_st5",0,0,4,1,"7_0",1
7,"SoS","2 4 5 1","int1_st6",0,0,5,1,"7_0",1
7,"SoS","2 4 5 1","int2_st1",1,1,0,0,"7_1",1
7,"SoS","2 4 5 1","int2_st2",0,1,1,0,"7_1",1
7,"SoS","2 4 5 1","int2_st3",1,1,2,0,"7_1",1
7,"SoS","2 4 5 1","int2_st4",1,1,3,0,"7_1",1
7,"SoS","2 4 5 1","int2_st5",0,1,4,1,"7_1",1
7,"SoS","2 4 5 1","int2_st6",0,1,5,1,"7_1",1
7,"SoS","2 4 5 1","int3_st1",0,2,0,0,"7_2",1
7,"SoS","2 4 5 1","int3_st2",0,2,1,0,"7_2",1
7,"SoS","2 4 5 1","int3_st3",1,2,2,0,"7_2",1
7,"SoS","2 4 5 1","int3_st4",0,2,3,0,"7_2",1
7,"SoS","2 4 5 1","int3_st5",0,2,4,1,"7_2",1
7,"SoS","2 4 5 1","int3_st6",0,2,5,1,"7_2",1
7,"SoS","2 4 5 1","int4_st1",2,3,0,0,"7_3",1
7,"SoS","2 4 5 1","int4_st2",1,3,1,0,"7_3",1
7,"SoS","2 4 5 1","int4_st3",4,3,2,0,"7_3",1
7,"SoS","2 4 5 1","int4_st4",1,3,3,0,"7_3",1
7,"SoS","2 4 5 1","int4_st5",0,3,4,1,"7_3",1
7,"SoS","2 4 5 1","int4_st6",0,3,5,1,"7_3",1
7,"SoS","2 4 5 1","int5_st1",NA,4,0,0,"7_4",NA
7,"SoS","2 4 5 1","int5_st2",NA,4,1,0,"7_4",NA
7,"SoS","2 4 5 1","int5_st3",NA,4,2,0,"7_4",NA
7,"SoS","2 4 5 1","int5_st4",NA,4,3,0,"7_4",NA
7,"SoS","2 4 5 1","int5_st5",NA,4,4,1,"7_4",NA
7,"SoS","2 4 5 1","int5_st6",NA,4,5,1,"7_4",NA
7,"SoS","2 4 5 1","int6_st1",NA,5,0,0,"7_5",NA
7,"SoS","2 4 5 1","int6_st2",NA,5,1,0,"7_5",NA
7,"SoS","2 4 5 1","int6_st3",NA,5,2,0,"7_5",NA
7,"SoS","2 4 5 1","int6_st4",NA,5,3,0,"7_5",NA
7,"SoS","2 4 5 1","int6_st5",NA,5,4,1,"7_5",NA
7,"SoS","2 4 5 1","int6_st6",NA,5,5,1,"7_5",NA
8,"Basic","4 1 2 3","int1_st1",1,0,0,0,"8_0",0
8,"Basic","4 1 2 3","int1_st2",0,0,1,0,"8_0",0
8,"Basic","4 1 2 3","int1_st3",0,0,2,0,"8_0",0
8,"Basic","4 1 2 3","int1_st4",0,0,3,0,"8_0",0
8,"Basic","4 1 2 3","int1_st5",0,0,4,1,"8_0",0
8,"Basic","4 1 2 3","int1_st6",1,0,5,1,"8_0",0
8,"Basic","4 1 2 3","int2_st1",0,1,0,0,"8_1",0
8,"Basic","4 1 2 3","int2_st2",0,1,1,0,"8_1",0
8,"Basic","4 1 2 3","int2_st3",0,1,2,0,"8_1",0
8,"Basic","4 1 2 3","int2_st4",0,1,3,0,"8_1",0
8,"Basic","4 1 2 3","int2_st5",0,1,4,1,"8_1",0
8,"Basic","4 1 2 3","int2_st6",0,1,5,1,"8_1",0
8,"Basic","4 1 2 3","int3_st1",3,2,0,0,"8_2",0
8,"Basic","4 1 2 3","int3_st2",3,2,1,0,"8_2",0
8,"Basic","4 1 2 3","int3_st3",1,2,2,0,"8_2",0
8,"Basic","4 1 2 3","int3_st4",2,2,3,0,"8_2",0
8,"Basic","4 1 2 3","int3_st5",1,2,4,1,"8_2",0
8,"Basic","4 1 2 3","int3_st6",2,2,5,1,"8_2",0
8,"Basic","4 1 2 3","int4_st1",0,3,0,0,"8_3",0
8,"Basic","4 1 2 3","int4_st2",0,3,1,0,"8_3",0
8,"Basic","4 1 2 3","int4_st3",0,3,2,0,"8_3",0
8,"Basic","4 1 2 3","int4_st4",1,3,3,0,"8_3",0
8,"Basic","4 1 2 3","int4_st5",1,3,4,1,"8_3",0
8,"Basic","4 1 2 3","int4_st6",0,3,5,1,"8_3",0
8,"Basic","4 1 2 3","int5_st1",2,4,0,0,"8_4",0
8,"Basic","4 1 2 3","int5_st2",1,4,1,0,"8_4",0
8,"Basic","4 1 2 3","int5_st3",1,4,2,0,"8_4",0
8,"Basic","4 1 2 3","int5_st4",1,4,3,0,"8_4",0
8,"Basic","4 1 2 3","int5_st5",1,4,4,1,"8_4",0
8,"Basic","4 1 2 3","int5_st6",1,4,5,1,"8_4",0
8,"Basic","4 1 2 3","int6_st1",2,5,0,0,"8_5",0
8,"Basic","4 1 2 3","int6_st2",2,5,1,0,"8_5",0
8,"Basic","4 1 2 3","int6_st3",2,5,2,0,"8_5",0
8,"Basic","4 1 2 3","int6_st4",3,5,3,0,"8_5",0
8,"Basic","4 1 2 3","int6_st5",2,5,4,1,"8_5",0
8,"Basic","4 1 2 3","int6_st6",2,5,5,1,"8_5",0
9,"SoS","3 1 6 2","int1_st1",1,0,0,0,"9_0",1
9,"SoS","3 1 6 2","int1_st2",4,0,1,0,"9_0",1
9,"SoS","3 1 6 2","int1_st3",4,0,2,0,"9_0",1
9,"SoS","3 1 6 2","int1_st4",4,0,3,0,"9_0",1
9,"SoS","3 1 6 2","int1_st5",0,0,4,1,"9_0",1
9,"SoS","3 1 6 2","int1_st6",0,0,5,1,"9_0",1
9,"SoS","3 1 6 2","int2_st1",0,1,0,0,"9_1",1
9,"SoS","3 1 6 2","int2_st2",0,1,1,0,"9_1",1
9,"SoS","3 1 6 2","int2_st3",0,1,2,0,"9_1",1
9,"SoS","3 1 6 2","int2_st4",0,1,3,0,"9_1",1
9,"SoS","3 1 6 2","int2_st5",0,1,4,1,"9_1",1
9,"SoS","3 1 6 2","int2_st6",0,1,5,1,"9_1",1
9,"SoS","3 1 6 2","int3_st1",1,2,0,0,"9_2",1
9,"SoS","3 1 6 2","int3_st2",4,2,1,0,"9_2",1
9,"SoS","3 1 6 2","int3_st3",2,2,2,0,"9_2",1
9,"SoS","3 1 6 2","int3_st4",3,2,3,0,"9_2",1
9,"SoS","3 1 6 2","int3_st5",1,2,4,1,"9_2",1
9,"SoS","3 1 6 2","int3_st6",0,2,5,1,"9_2",1
9,"SoS","3 1 6 2","int4_st1",5,3,0,0,"9_3",1
9,"SoS","3 1 6 2","int4_st2",2,3,1,0,"9_3",1
9,"SoS","3 1 6 2","int4_st3",2,3,2,0,"9_3",1
9,"SoS","3 1 6 2","int4_st4",4,3,3,0,"9_3",1
9,"SoS","3 1 6 2","int4_st5",0,3,4,1,"9_3",1
9,"SoS","3 1 6 2","int4_st6",1,3,5,1,"9_3",1
9,"SoS","3 1 6 2","int5_st1",NA,4,0,0,"9_4",NA
9,"SoS","3 1 6 2","int5_st2",NA,4,1,0,"9_4",NA
9,"SoS","3 1 6 2","int5_st3",NA,4,2,0,"9_4",NA
9,"SoS","3 1 6 2","int5_st4",NA,4,3,0,"9_4",NA
9,"SoS","3 1 6 2","int5_st5",NA,4,4,1,"9_4",NA
9,"SoS","3 1 6 2","int5_st6",NA,4,5,1,"9_4",NA
9,"SoS","3 1 6 2","int6_st1",NA,5,0,0,"9_5",NA
9,"SoS","3 1 6 2","int6_st2",NA,5,1,0,"9_5",NA
9,"SoS","3 1 6 2","int6_st3",NA,5,2,0,"9_5",NA
9,"SoS","3 1 6 2","int6_st4",NA,5,3,0,"9_5",NA
9,"SoS","3 1 6 2","int6_st5",NA,5,4,1,"9_5",NA
9,"SoS","3 1 6 2","int6_st6",NA,5,5,1,"9_5",NA
10,"SoS","4 5 2 3","int1_st1",1,0,0,0,"10_0",1
10,"SoS","4 5 2 3","int1_st2",0,0,1,0,"10_0",1
10,"SoS","4 5 2 3","int1_st3",0,0,2,0,"10_0",1
10,"SoS","4 5 2 3","int1_st4",0,0,3,0,"10_0",1
10,"SoS","4 5 2 3","int1_st5",0,0,4,1,"10_0",1
10,"SoS","4 5 2 3","int1_st6",2,0,5,1,"10_0",1
10,"SoS","4 5 2 3","int2_st1",0,1,0,0,"10_1",1
10,"SoS","4 5 2 3","int2_st2",0,1,1,0,"10_1",1
10,"SoS","4 5 2 3","int2_st3",0,1,2,0,"10_1",1
10,"SoS","4 5 2 3","int2_st4",0,1,3,0,"10_1",1
10,"SoS","4 5 2 3","int2_st5",0,1,4,1,"10_1",1
10,"SoS","4 5 2 3","int2_st6",0,1,5,1,"10_1",1
10,"SoS","4 5 2 3","int3_st1",4,2,0,0,"10_2",1
10,"SoS","4 5 2 3","int3_st2",4,2,1,0,"10_2",1
10,"SoS","4 5 2 3","int3_st3",1,2,2,0,"10_2",1
10,"SoS","4 5 2 3","int3_st4",4,2,3,0,"10_2",1
10,"SoS","4 5 2 3","int3_st5",0,2,4,1,"10_2",1
10,"SoS","4 5 2 3","int3_st6",1,2,5,1,"10_2",1
10,"SoS","4 5 2 3","int4_st1",4,3,0,0,"10_3",1
10,"SoS","4 5 2 3","int4_st2",3,3,1,0,"10_3",1
10,"SoS","4 5 2 3","int4_st3",5,3,2,0,"10_3",1
10,"SoS","4 5 2 3","int4_st4",4,3,3,0,"10_3",1
10,"SoS","4 5 2 3","int4_st5",1,3,4,1,"10_3",1
10,"SoS","4 5 2 3","int4_st6",2,3,5,1,"10_3",1
10,"SoS","4 5 2 3","int5_st1",NA,4,0,0,"10_4",NA
10,"SoS","4 5 2 3","int5_st2",NA,4,1,0,"10_4",NA
10,"SoS","4 5 2 3","int5_st3",NA,4,2,0,"10_4",NA
10,"SoS","4 5 2 3","int5_st4",NA,4,3,0,"10_4",NA
10,"SoS","4 5 2 3","int5_st5",NA,4,4,1,"10_4",NA
10,"SoS","4 5 2 3","int5_st6",NA,4,5,1,"10_4",NA
10,"SoS","4 5 2 3","int6_st1",NA,5,0,0,"10_5",NA
10,"SoS","4 5 2 3","int6_st2",NA,5,1,0,"10_5",NA
10,"SoS","4 5 2 3","int6_st3",NA,5,2,0,"10_5",NA
10,"SoS","4 5 2 3","int6_st4",NA,5,3,0,"10_5",NA
10,"SoS","4 5 2 3","int6_st5",NA,5,4,1,"10_5",NA
10,"SoS","4 5 2 3","int6_st6",NA,5,5,1,"10_5",NA
11,"SoS-Delay","3 6 4 2","int1_st1",0,0,0,0,"11_0",0
11,"SoS-Delay","3 6 4 2","int1_st2",0,0,1,0,"11_0",0
11,"SoS-Delay","3 6 4 2","int1_st3",0,0,2,0,"11_0",0
11,"SoS-Delay","3 6 4 2","int1_st4",0,0,3,0,"11_0",0
11,"SoS-Delay","3 6 4 2","int1_st5",1,0,4,1,"11_0",0
11,"SoS-Delay","3 6 4 2","int1_st6",0,0,5,1,"11_0",0
11,"SoS-Delay","3 6 4 2","int2_st1",0,1,0,0,"11_1",0
11,"SoS-Delay","3 6 4 2","int2_st2",0,1,1,0,"11_1",0
11,"SoS-Delay","3 6 4 2","int2_st3",0,1,2,0,"11_1",0
11,"SoS-Delay","3 6 4 2","int2_st4",0,1,3,0,"11_1",0
11,"SoS-Delay","3 6 4 2","int2_st5",0,1,4,1,"11_1",0
11,"SoS-Delay","3 6 4 2","int2_st6",0,1,5,1,"11_1",0
11,"SoS-Delay","3 6 4 2","int3_st1",1,2,0,0,"11_2",1
11,"SoS-Delay","3 6 4 2","int3_st2",0,2,1,0,"11_2",1
11,"SoS-Delay","3 6 4 2","int3_st3",1,2,2,0,"11_2",1
11,"SoS-Delay","3 6 4 2","int3_st4",1,2,3,0,"11_2",1
11,"SoS-Delay","3 6 4 2","int3_st5",0,2,4,1,"11_2",1
11,"SoS-Delay","3 6 4 2","int3_st6",0,2,5,1,"11_2",1
11,"SoS-Delay","3 6 4 2","int4_st1",0,3,0,0,"11_3",1
11,"SoS-Delay","3 6 4 2","int4_st2",0,3,1,0,"11_3",1
11,"SoS-Delay","3 6 4 2","int4_st3",0,3,2,0,"11_3",1
11,"SoS-Delay","3 6 4 2","int4_st4",0,3,3,0,"11_3",1
11,"SoS-Delay","3 6 4 2","int4_st5",0,3,4,1,"11_3",1
11,"SoS-Delay","3 6 4 2","int4_st6",2,3,5,1,"11_3",1
11,"SoS-Delay","3 6 4 2","int5_st1",NA,4,0,0,"11_4",NA
11,"SoS-Delay","3 6 4 2","int5_st2",NA,4,1,0,"11_4",NA
11,"SoS-Delay","3 6 4 2","int5_st3",NA,4,2,0,"11_4",NA
11,"SoS-Delay","3 6 4 2","int5_st4",NA,4,3,0,"11_4",NA
11,"SoS-Delay","3 6 4 2","int5_st5",NA,4,4,1,"11_4",NA
11,"SoS-Delay","3 6 4 2","int5_st6",NA,4,5,1,"11_4",NA
11,"SoS-Delay","3 6 4 2","int6_st1",NA,5,0,0,"11_5",NA
11,"SoS-Delay","3 6 4 2","int6_st2",NA,5,1,0,"11_5",NA
11,"SoS-Delay","3 6 4 2","int6_st3",NA,5,2,0,"11_5",NA
11,"SoS-Delay","3 6 4 2","int6_st4",NA,5,3,0,"11_5",NA
11,"SoS-Delay","3 6 4 2","int6_st5",NA,5,4,1,"11_5",NA
11,"SoS-Delay","3 6 4 2","int6_st6",NA,5,5,1,"11_5",NA
12,"Basic","2 4 5 1","int1_st1",0,0,0,0,"12_0",0
12,"Basic","2 4 5 1","int1_st2",1,0,1,0,"12_0",0
12,"Basic","2 4 5 1","int1_st3",0,0,2,0,"12_0",0
12,"Basic","2 4 5 1","int1_st4",0,0,3,0,"12_0",0
12,"Basic","2 4 5 1","int1_st5",0,0,4,1,"12_0",0
12,"Basic","2 4 5 1","int1_st6",0,0,5,1,"12_0",0
12,"Basic","2 4 5 1","int2_st1",1,1,0,0,"12_1",0
12,"Basic","2 4 5 1","int2_st2",0,1,1,0,"12_1",0
12,"Basic","2 4 5 1","int2_st3",0,1,2,0,"12_1",0
12,"Basic","2 4 5 1","int2_st4",0,1,3,0,"12_1",0
12,"Basic","2 4 5 1","int2_st5",0,1,4,1,"12_1",0
12,"Basic","2 4 5 1","int2_st6",0,1,5,1,"12_1",0
12,"Basic","2 4 5 1","int3_st1",1,2,0,0,"12_2",0
12,"Basic","2 4 5 1","int3_st2",4,2,1,0,"12_2",0
12,"Basic","2 4 5 1","int3_st3",1,2,2,0,"12_2",0
12,"Basic","2 4 5 1","int3_st4",0,2,3,0,"12_2",0
12,"Basic","2 4 5 1","int3_st5",1,2,4,1,"12_2",0
12,"Basic","2 4 5 1","int3_st6",0,2,5,1,"12_2",0
12,"Basic","2 4 5 1","int4_st1",0,3,0,0,"12_3",0
12,"Basic","2 4 5 1","int4_st2",1,3,1,0,"12_3",0
12,"Basic","2 4 5 1","int4_st3",5,3,2,0,"12_3",0
12,"Basic","2 4 5 1","int4_st4",1,3,3,0,"12_3",0
12,"Basic","2 4 5 1","int4_st5",0,3,4,1,"12_3",0
12,"Basic","2 4 5 1","int4_st6",1,3,5,1,"12_3",0
12,"Basic","2 4 5 1","int5_st1",NA,4,0,0,"12_4",0
12,"Basic","2 4 5 1","int5_st2",NA,4,1,0,"12_4",0
12,"Basic","2 4 5 1","int5_st3",NA,4,2,0,"12_4",0
12,"Basic","2 4 5 1","int5_st4",NA,4,3,0,"12_4",0
12,"Basic","2 4 5 1","int5_st5",NA,4,4,1,"12_4",0
12,"Basic","2 4 5 1","int5_st6",NA,4,5,1,"12_4",0
12,"Basic","2 4 5 1","int6_st1",NA,5,0,0,"12_5",0
12,"Basic","2 4 5 1","int6_st2",NA,5,1,0,"12_5",0
12,"Basic","2 4 5 1","int6_st3",NA,5,2,0,"12_5",0
12,"Basic","2 4 5 1","int6_st4",NA,5,3,0,"12_5",0
12,"Basic","2 4 5 1","int6_st5",NA,5,4,1,"12_5",0
12,"Basic","2 4 5 1","int6_st6",NA,5,5,1,"12_5",0
13,"SoS-Delay","1 4 2 5","int1_st1",1,0,0,0,"13_0",0
13,"SoS-Delay","1 4 2 5","int1_st2",0,0,1,0,"13_0",0
13,"SoS-Delay","1 4 2 5","int1_st3",2,0,2,0,"13_0",0
13,"SoS-Delay","1 4 2 5","int1_st4",1,0,3,0,"13_0",0
13,"SoS-Delay","1 4 2 5","int1_st5",0,0,4,1,"13_0",0
13,"SoS-Delay","1 4 2 5","int1_st6",0,0,5,1,"13_0",0
13,"SoS-Delay","1 4 2 5","int2_st1",1,1,0,0,"13_1",0
13,"SoS-Delay","1 4 2 5","int2_st2",0,1,1,0,"13_1",0
13,"SoS-Delay","1 4 2 5","int2_st3",0,1,2,0,"13_1",0
13,"SoS-Delay","1 4 2 5","int2_st4",0,1,3,0,"13_1",0
13,"SoS-Delay","1 4 2 5","int2_st5",0,1,4,1,"13_1",0
13,"SoS-Delay","1 4 2 5","int2_st6",0,1,5,1,"13_1",0
13,"SoS-Delay","1 4 2 5","int3_st1",5,2,0,0,"13_2",1
13,"SoS-Delay","1 4 2 5","int3_st2",5,2,1,0,"13_2",1
13,"SoS-Delay","1 4 2 5","int3_st3",5,2,2,0,"13_2",1
13,"SoS-Delay","1 4 2 5","int3_st4",5,2,3,0,"13_2",1
13,"SoS-Delay","1 4 2 5","int3_st5",1,2,4,1,"13_2",1
13,"SoS-Delay","1 4 2 5","int3_st6",4,2,5,1,"13_2",1
13,"SoS-Delay","1 4 2 5","int4_st1",1,3,0,0,"13_3",1
13,"SoS-Delay","1 4 2 5","int4_st2",1,3,1,0,"13_3",1
13,"SoS-Delay","1 4 2 5","int4_st3",0,3,2,0,"13_3",1
13,"SoS-Delay","1 4 2 5","int4_st4",0,3,3,0,"13_3",1
13,"SoS-Delay","1 4 2 5","int4_st5",0,3,4,1,"13_3",1
13,"SoS-Delay","1 4 2 5","int4_st6",0,3,5,1,"13_3",1
13,"SoS-Delay","1 4 2 5","int5_st1",NA,4,0,0,"13_4",NA
13,"SoS-Delay","1 4 2 5","int5_st2",NA,4,1,0,"13_4",NA
13,"SoS-Delay","1 4 2 5","int5_st3",NA,4,2,0,"13_4",NA
13,"SoS-Delay","1 4 2 5","int5_st4",NA,4,3,0,"13_4",NA
13,"SoS-Delay","1 4 2 5","int5_st5",NA,4,4,1,"13_4",NA
13,"SoS-Delay","1 4 2 5","int5_st6",NA,4,5,1,"13_4",NA
13,"SoS-Delay","1 4 2 5","int6_st1",NA,5,0,0,"13_5",NA
13,"SoS-Delay","1 4 2 5","int6_st2",NA,5,1,0,"13_5",NA
13,"SoS-Delay","1 4 2 5","int6_st3",NA,5,2,0,"13_5",NA
13,"SoS-Delay","1 4 2 5","int6_st4",NA,5,3,0,"13_5",NA
13,"SoS-Delay","1 4 2 5","int6_st5",NA,5,4,1,"13_5",NA
13,"SoS-Delay","1 4 2 5","int6_st6",NA,5,5,1,"13_5",NA
14,"SoS-Delay","2 5 1 3","int1_st1",3,0,0,0,"14_0",0
14,"SoS-Delay","2 5 1 3","int1_st2",1,0,1,0,"14_0",0
14,"SoS-Delay","2 5 1 3","int1_st3",1,0,2,0,"14_0",0
14,"SoS-Delay","2 5 1 3","int1_st4",0,0,3,0,"14_0",0
14,"SoS-Delay","2 5 1 3","int1_st5",1,0,4,1,"14_0",0
14,"SoS-Delay","2 5 1 3","int1_st6",0,0,5,1,"14_0",0
14,"SoS-Delay","2 5 1 3","int2_st1",2,1,0,0,"14_1",0
14,"SoS-Delay","2 5 1 3","int2_st2",2,1,1,0,"14_1",0
14,"SoS-Delay","2 5 1 3","int2_st3",1,1,2,0,"14_1",0
14,"SoS-Delay","2 5 1 3","int2_st4",1,1,3,0,"14_1",0
14,"SoS-Delay","2 5 1 3","int2_st5",1,1,4,1,"14_1",0
14,"SoS-Delay","2 5 1 3","int2_st6",1,1,5,1,"14_1",0
14,"SoS-Delay","2 5 1 3","int3_st1",4,2,0,0,"14_2",1
14,"SoS-Delay","2 5 1 3","int3_st2",2,2,1,0,"14_2",1
14,"SoS-Delay","2 5 1 3","int3_st3",5,2,2,0,"14_2",1
14,"SoS-Delay","2 5 1 3","int3_st4",1,2,3,0,"14_2",1
14,"SoS-Delay","2 5 1 3","int3_st5",1,2,4,1,"14_2",1
14,"SoS-Delay","2 5 1 3","int3_st6",0,2,5,1,"14_2",1
14,"SoS-Delay","2 5 1 3","int4_st1",3,3,0,0,"14_3",1
14,"SoS-Delay","2 5 1 3","int4_st2",3,3,1,0,"14_3",1
14,"SoS-Delay","2 5 1 3","int4_st3",3,3,2,0,"14_3",1
14,"SoS-Delay","2 5 1 3","int4_st4",3,3,3,0,"14_3",1
14,"SoS-Delay","2 5 1 3","int4_st5",2,3,4,1,"14_3",1
14,"SoS-Delay","2 5 1 3","int4_st6",1,3,5,1,"14_3",1
14,"SoS-Delay","2 5 1 3","int5_st1",NA,4,0,0,"14_4",NA
14,"SoS-Delay","2 5 1 3","int5_st2",NA,4,1,0,"14_4",NA
14,"SoS-Delay","2 5 1 3","int5_st3",NA,4,2,0,"14_4",NA
14,"SoS-Delay","2 5 1 3","int5_st4",NA,4,3,0,"14_4",NA
14,"SoS-Delay","2 5 1 3","int5_st5",NA,4,4,1,"14_4",NA
14,"SoS-Delay","2 5 1 3","int5_st6",NA,4,5,1,"14_4",NA
14,"SoS-Delay","2 5 1 3","int6_st1",NA,5,0,0,"14_5",NA
14,"SoS-Delay","2 5 1 3","int6_st2",NA,5,1,0,"14_5",NA
14,"SoS-Delay","2 5 1 3","int6_st3",NA,5,2,0,"14_5",NA
14,"SoS-Delay","2 5 1 3","int6_st4",NA,5,3,0,"14_5",NA
14,"SoS-Delay","2 5 1 3","int6_st5",NA,5,4,1,"14_5",NA
14,"SoS-Delay","2 5 1 3","int6_st6",NA,5,5,1,"14_5",NA
15,"SoS","5 4 2 1","int1_st1",0,0,0,0,"15_0",1
15,"SoS","5 4 2 1","int1_st2",1,0,1,0,"15_0",1
15,"SoS","5 4 2 1","int1_st3",0,0,2,0,"15_0",1
15,"SoS","5 4 2 1","int1_st4",1,0,3,0,"15_0",1
15,"SoS","5 4 2 1","int1_st5",0,0,4,1,"15_0",1
15,"SoS","5 4 2 1","int1_st6",0,0,5,1,"15_0",1
15,"SoS","5 4 2 1","int2_st1",1,1,0,0,"15_1",1
15,"SoS","5 4 2 1","int2_st2",1,1,1,0,"15_1",1
15,"SoS","5 4 2 1","int2_st3",0,1,2,0,"15_1",1
15,"SoS","5 4 2 1","int2_st4",0,1,3,0,"15_1",1
15,"SoS","5 4 2 1","int2_st5",0,1,4,1,"15_1",1
15,"SoS","5 4 2 1","int2_st6",2,1,5,1,"15_1",1
15,"SoS","5 4 2 1","int3_st1",5,2,0,0,"15_2",1
15,"SoS","5 4 2 1","int3_st2",1,2,1,0,"15_2",1
15,"SoS","5 4 2 1","int3_st3",1,2,2,0,"15_2",1
15,"SoS","5 4 2 1","int3_st4",1,2,3,0,"15_2",1
15,"SoS","5 4 2 1","int3_st5",1,2,4,1,"15_2",1
15,"SoS","5 4 2 1","int3_st6",1,2,5,1,"15_2",1
15,"SoS","5 4 2 1","int4_st1",0,3,0,0,"15_3",1
15,"SoS","5 4 2 1","int4_st2",0,3,1,0,"15_3",1
15,"SoS","5 4 2 1","int4_st3",0,3,2,0,"15_3",1
15,"SoS","5 4 2 1","int4_st4",1,3,3,0,"15_3",1
15,"SoS","5 4 2 1","int4_st5",0,3,4,1,"15_3",1
15,"SoS","5 4 2 1","int4_st6",0,3,5,1,"15_3",1
15,"SoS","5 4 2 1","int5_st1",NA,4,0,0,"15_4",NA
15,"SoS","5 4 2 1","int5_st2",NA,4,1,0,"15_4",NA
15,"SoS","5 4 2 1","int5_st3",NA,4,2,0,"15_4",NA
15,"SoS","5 4 2 1","int5_st4",NA,4,3,0,"15_4",NA
15,"SoS","5 4 2 1","int5_st5",NA,4,4,1,"15_4",NA
15,"SoS","5 4 2 1","int5_st6",NA,4,5,1,"15_4",NA
15,"SoS","5 4 2 1","int6_st1",NA,5,0,0,"15_5",NA
15,"SoS","5 4 2 1","int6_st2",NA,5,1,0,"15_5",NA
15,"SoS","5 4 2 1","int6_st3",NA,5,2,0,"15_5",NA
15,"SoS","5 4 2 1","int6_st4",NA,5,3,0,"15_5",NA
15,"SoS","5 4 2 1","int6_st5",NA,5,4,1,"15_5",NA
15,"SoS","5 4 2 1","int6_st6",NA,5,5,1,"15_5",NA
16,"Basic","5 4 6 1","int1_st1",2,0,0,0,"16_0",0
16,"Basic","5 4 6 1","int1_st2",1,0,1,0,"16_0",0
16,"Basic","5 4 6 1","int1_st3",2,0,2,0,"16_0",0
16,"Basic","5 4 6 1","int1_st4",1,0,3,0,"16_0",0
16,"Basic","5 4 6 1","int1_st5",1,0,4,1,"16_0",0
16,"Basic","5 4 6 1","int1_st6",2,0,5,1,"16_0",0
16,"Basic","5 4 6 1","int2_st1",1,1,0,0,"16_1",0
16,"Basic","5 4 6 1","int2_st2",0,1,1,0,"16_1",0
16,"Basic","5 4 6 1","int2_st3",1,1,2,0,"16_1",0
16,"Basic","5 4 6 1","int2_st4",0,1,3,0,"16_1",0
16,"Basic","5 4 6 1","int2_st5",0,1,4,1,"16_1",0
16,"Basic","5 4 6 1","int2_st6",0,1,5,1,"16_1",0
16,"Basic","5 4 6 1","int3_st1",1,2,0,0,"16_2",0
16,"Basic","5 4 6 1","int3_st2",0,2,1,0,"16_2",0
16,"Basic","5 4 6 1","int3_st3",0,2,2,0,"16_2",0
16,"Basic","5 4 6 1","int3_st4",2,2,3,0,"16_2",0
16,"Basic","5 4 6 1","int3_st5",1,2,4,1,"16_2",0
16,"Basic","5 4 6 1","int3_st6",2,2,5,1,"16_2",0
16,"Basic","5 4 6 1","int4_st1",1,3,0,0,"16_3",0
16,"Basic","5 4 6 1","int4_st2",1,3,1,0,"16_3",0
16,"Basic","5 4 6 1","int4_st3",1,3,2,0,"16_3",0
16,"Basic","5 4 6 1","int4_st4",1,3,3,0,"16_3",0
16,"Basic","5 4 6 1","int4_st5",0,3,4,1,"16_3",0
16,"Basic","5 4 6 1","int4_st6",0,3,5,1,"16_3",0
16,"Basic","5 4 6 1","int5_st1",NA,4,0,0,"16_4",0
16,"Basic","5 4 6 1","int5_st2",NA,4,1,0,"16_4",0
16,"Basic","5 4 6 1","int5_st3",NA,4,2,0,"16_4",0
16,"Basic","5 4 6 1","int5_st4",NA,4,3,0,"16_4",0
16,"Basic","5 4 6 1","int5_st5",NA,4,4,1,"16_4",0
16,"Basic","5 4 6 1","int5_st6",NA,4,5,1,"16_4",0
16,"Basic","5 4 6 1","int6_st1",NA,5,0,0,"16_5",0
16,"Basic","5 4 6 1","int6_st2",NA,5,1,0,"16_5",0
16,"Basic","5 4 6 1","int6_st3",NA,5,2,0,"16_5",0
16,"Basic","5 4 6 1","int6_st4",NA,5,3,0,"16_5",0
16,"Basic","5 4 6 1","int6_st5",NA,5,4,1,"16_5",0
16,"Basic","5 4 6 1","int6_st6",NA,5,5,1,"16_5",0
17,"SoS-Delay","5 6 3 4","int1_st1",2,0,0,0,"17_0",0
17,"SoS-Delay","5 6 3 4","int1_st2",4,0,1,0,"17_0",0
17,"SoS-Delay","5 6 3 4","int1_st3",4,0,2,0,"17_0",0
17,"SoS-Delay","5 6 3 4","int1_st4",4,0,3,0,"17_0",0
17,"SoS-Delay","5 6 3 4","int1_st5",0,0,4,1,"17_0",0
17,"SoS-Delay","5 6 3 4","int1_st6",0,0,5,1,"17_0",0
17,"SoS-Delay","5 6 3 4","int2_st1",0,1,0,0,"17_1",0
17,"SoS-Delay","5 6 3 4","int2_st2",2,1,1,0,"17_1",0
17,"SoS-Delay","5 6 3 4","int2_st3",0,1,2,0,"17_1",0
17,"SoS-Delay","5 6 3 4","int2_st4",0,1,3,0,"17_1",0
17,"SoS-Delay","5 6 3 4","int2_st5",0,1,4,1,"17_1",0
17,"SoS-Delay","5 6 3 4","int2_st6",0,1,5,1,"17_1",0
17,"SoS-Delay","5 6 3 4","int3_st1",3,2,0,0,"17_2",1
17,"SoS-Delay","5 6 3 4","int3_st2",4,2,1,0,"17_2",1
17,"SoS-Delay","5 6 3 4","int3_st3",0,2,2,0,"17_2",1
17,"SoS-Delay","5 6 3 4","int3_st4",5,2,3,0,"17_2",1
17,"SoS-Delay","5 6 3 4","int3_st5",0,2,4,1,"17_2",1
17,"SoS-Delay","5 6 3 4","int3_st6",3,2,5,1,"17_2",1
17,"SoS-Delay","5 6 3 4","int4_st1",1,3,0,0,"17_3",1
17,"SoS-Delay","5 6 3 4","int4_st2",0,3,1,0,"17_3",1
17,"SoS-Delay","5 6 3 4","int4_st3",1,3,2,0,"17_3",1
17,"SoS-Delay","5 6 3 4","int4_st4",0,3,3,0,"17_3",1
17,"SoS-Delay","5 6 3 4","int4_st5",0,3,4,1,"17_3",1
17,"SoS-Delay","5 6 3 4","int4_st6",0,3,5,1,"17_3",1
17,"SoS-Delay","5 6 3 4","int5_st1",NA,4,0,0,"17_4",NA
17,"SoS-Delay","5 6 3 4","int5_st2",NA,4,1,0,"17_4",NA
17,"SoS-Delay","5 6 3 4","int5_st3",NA,4,2,0,"17_4",NA
17,"SoS-Delay","5 6 3 4","int5_st4",NA,4,3,0,"17_4",NA
17,"SoS-Delay","5 6 3 4","int5_st5",NA,4,4,1,"17_4",NA
17,"SoS-Delay","5 6 3 4","int5_st6",NA,4,5,1,"17_4",NA
17,"SoS-Delay","5 6 3 4","int6_st1",NA,5,0,0,"17_5",NA
17,"SoS-Delay","5 6 3 4","int6_st2",NA,5,1,0,"17_5",NA
17,"SoS-Delay","5 6 3 4","int6_st3",NA,5,2,0,"17_5",NA
17,"SoS-Delay","5 6 3 4","int6_st4",NA,5,3,0,"17_5",NA
17,"SoS-Delay","5 6 3 4","int6_st5",NA,5,4,1,"17_5",NA
17,"SoS-Delay","5 6 3 4","int6_st6",NA,5,5,1,"17_5",NA
18,"SoS","3 5 4 6","int1_st1",1,0,0,0,"18_0",1
18,"SoS","3 5 4 6","int1_st2",4,0,1,0,"18_0",1
18,"SoS","3 5 4 6","int1_st3",3,0,2,0,"18_0",1
18,"SoS","3 5 4 6","int1_st4",4,0,3,0,"18_0",1
18,"SoS","3 5 4 6","int1_st5",1,0,4,1,"18_0",1
18,"SoS","3 5 4 6","int1_st6",0,0,5,1,"18_0",1
18,"SoS","3 5 4 6","int2_st1",0,1,0,0,"18_1",1
18,"SoS","3 5 4 6","int2_st2",1,1,1,0,"18_1",1
18,"SoS","3 5 4 6","int2_st3",0,1,2,0,"18_1",1
18,"SoS","3 5 4 6","int2_st4",0,1,3,0,"18_1",1
18,"SoS","3 5 4 6","int2_st5",0,1,4,1,"18_1",1
18,"SoS","3 5 4 6","int2_st6",0,1,5,1,"18_1",1
18,"SoS","3 5 4 6","int3_st1",2,2,0,0,"18_2",1
18,"SoS","3 5 4 6","int3_st2",4,2,1,0,"18_2",1
18,"SoS","3 5 4 6","int3_st3",4,2,2,0,"18_2",1
18,"SoS","3 5 4 6","int3_st4",4,2,3,0,"18_2",1
18,"SoS","3 5 4 6","int3_st5",1,2,4,1,"18_2",1
18,"SoS","3 5 4 6","int3_st6",1,2,5,1,"18_2",1
18,"SoS","3 5 4 6","int4_st1",3,3,0,0,"18_3",1
18,"SoS","3 5 4 6","int4_st2",2,3,1,0,"18_3",1
18,"SoS","3 5 4 6","int4_st3",2,3,2,0,"18_3",1
18,"SoS","3 5 4 6","int4_st4",3,3,3,0,"18_3",1
18,"SoS","3 5 4 6","int4_st5",2,3,4,1,"18_3",1
18,"SoS","3 5 4 6","int4_st6",2,3,5,1,"18_3",1
18,"SoS","3 5 4 6","int5_st1",NA,4,0,0,"18_4",NA
18,"SoS","3 5 4 6","int5_st2",NA,4,1,0,"18_4",NA
18,"SoS","3 5 4 6","int5_st3",NA,4,2,0,"18_4",NA
18,"SoS","3 5 4 6","int5_st4",NA,4,3,0,"18_4",NA
18,"SoS","3 5 4 6","int5_st5",NA,4,4,1,"18_4",NA
18,"SoS","3 5 4 6","int5_st6",NA,4,5,1,"18_4",NA
18,"SoS","3 5 4 6","int6_st1",NA,5,0,0,"18_5",NA
18,"SoS","3 5 4 6","int6_st2",NA,5,1,0,"18_5",NA
18,"SoS","3 5 4 6","int6_st3",NA,5,2,0,"18_5",NA
18,"SoS","3 5 4 6","int6_st4",NA,5,3,0,"18_5",NA
18,"SoS","3 5 4 6","int6_st5",NA,5,4,1,"18_5",NA
18,"SoS","3 5 4 6","int6_st6",NA,5,5,1,"18_5",NA
19,"SoS","3 6 5 2","int1_st1",0,0,0,0,"19_0",1
19,"SoS","3 6 5 2","int1_st2",2,0,1,0,"19_0",1
19,"SoS","3 6 5 2","int1_st3",5,0,2,0,"19_0",1
19,"SoS","3 6 5 2","int1_st4",1,0,3,0,"19_0",1
19,"SoS","3 6 5 2","int1_st5",1,0,4,1,"19_0",1
19,"SoS","3 6 5 2","int1_st6",0,0,5,1,"19_0",1
19,"SoS","3 6 5 2","int2_st1",0,1,0,0,"19_1",1
19,"SoS","3 6 5 2","int2_st2",0,1,1,0,"19_1",1
19,"SoS","3 6 5 2","int2_st3",1,1,2,0,"19_1",1
19,"SoS","3 6 5 2","int2_st4",2,1,3,0,"19_1",1
19,"SoS","3 6 5 2","int2_st5",0,1,4,1,"19_1",1
19,"SoS","3 6 5 2","int2_st6",1,1,5,1,"19_1",1
19,"SoS","3 6 5 2","int3_st1",0,2,0,0,"19_2",1
19,"SoS","3 6 5 2","int3_st2",0,2,1,0,"19_2",1
19,"SoS","3 6 5 2","int3_st3",0,2,2,0,"19_2",1
19,"SoS","3 6 5 2","int3_st4",0,2,3,0,"19_2",1
19,"SoS","3 6 5 2","int3_st5",0,2,4,1,"19_2",1
19,"SoS","3 6 5 2","int3_st6",0,2,5,1,"19_2",1
19,"SoS","3 6 5 2","int4_st1",4,3,0,0,"19_3",1
19,"SoS","3 6 5 2","int4_st2",5,3,1,0,"19_3",1
19,"SoS","3 6 5 2","int4_st3",2,3,2,0,"19_3",1
19,"SoS","3 6 5 2","int4_st4",2,3,3,0,"19_3",1
19,"SoS","3 6 5 2","int4_st5",0,3,4,1,"19_3",1
19,"SoS","3 6 5 2","int4_st6",1,3,5,1,"19_3",1
19,"SoS","3 6 5 2","int5_st1",NA,4,0,0,"19_4",NA
19,"SoS","3 6 5 2","int5_st2",NA,4,1,0,"19_4",NA
19,"SoS","3 6 5 2","int5_st3",NA,4,2,0,"19_4",NA
19,"SoS","3 6 5 2","int5_st4",NA,4,3,0,"19_4",NA
19,"SoS","3 6 5 2","int5_st5",NA,4,4,1,"19_4",NA
19,"SoS","3 6 5 2","int5_st6",NA,4,5,1,"19_4",NA
19,"SoS","3 6 5 2","int6_st1",NA,5,0,0,"19_5",NA
19,"SoS","3 6 5 2","int6_st2",NA,5,1,0,"19_5",NA
19,"SoS","3 6 5 2","int6_st3",NA,5,2,0,"19_5",NA
19,"SoS","3 6 5 2","int6_st4",NA,5,3,0,"19_5",NA
19,"SoS","3 6 5 2","int6_st5",NA,5,4,1,"19_5",NA
19,"SoS","3 6 5 2","int6_st6",NA,5,5,1,"19_5",NA
20,"SoS-Delay","1 2 4 6","int1_st1",0,0,0,0,"20_0",0
20,"SoS-Delay","1 2 4 6","int1_st2",0,0,1,0,"20_0",0
20,"SoS-Delay","1 2 4 6","int1_st3",0,0,2,0,"20_0",0
20,"SoS-Delay","1 2 4 6","int1_st4",1,0,3,0,"20_0",0
20,"SoS-Delay","1 2 4 6","int1_st5",2,0,4,1,"20_0",0
20,"SoS-Delay","1 2 4 6","int1_st6",0,0,5,1,"20_0",0
20,"SoS-Delay","1 2 4 6","int2_st1",0,1,0,0,"20_1",0
20,"SoS-Delay","1 2 4 6","int2_st2",1,1,1,0,"20_1",0
20,"SoS-Delay","1 2 4 6","int2_st3",0,1,2,0,"20_1",0
20,"SoS-Delay","1 2 4 6","int2_st4",0,1,3,0,"20_1",0
20,"SoS-Delay","1 2 4 6","int2_st5",0,1,4,1,"20_1",0
20,"SoS-Delay","1 2 4 6","int2_st6",1,1,5,1,"20_1",0
20,"SoS-Delay","1 2 4 6","int3_st1",1,2,0,0,"20_2",1
20,"SoS-Delay","1 2 4 6","int3_st2",0,2,1,0,"20_2",1
20,"SoS-Delay","1 2 4 6","int3_st3",0,2,2,0,"20_2",1
20,"SoS-Delay","1 2 4 6","int3_st4",1,2,3,0,"20_2",1
20,"SoS-Delay","1 2 4 6","int3_st5",2,2,4,1,"20_2",1
20,"SoS-Delay","1 2 4 6","int3_st6",2,2,5,1,"20_2",1
20,"SoS-Delay","1 2 4 6","int4_st1",2,3,0,0,"20_3",1
20,"SoS-Delay","1 2 4 6","int4_st2",4,3,1,0,"20_3",1
20,"SoS-Delay","1 2 4 6","int4_st3",1,3,2,0,"20_3",1
20,"SoS-Delay","1 2 4 6","int4_st4",4,3,3,0,"20_3",1
20,"SoS-Delay","1 2 4 6","int4_st5",3,3,4,1,"20_3",1
20,"SoS-Delay","1 2 4 6","int4_st6",2,3,5,1,"20_3",1
20,"SoS-Delay","1 2 4 6","int5_st1",NA,4,0,0,"20_4",NA
20,"SoS-Delay","1 2 4 6","int5_st2",NA,4,1,0,"20_4",NA
20,"SoS-Delay","1 2 4 6","int5_st3",NA,4,2,0,"20_4",NA
20,"SoS-Delay","1 2 4 6","int5_st4",NA,4,3,0,"20_4",NA
20,"SoS-Delay","1 2 4 6","int5_st5",NA,4,4,1,"20_4",NA
20,"SoS-Delay","1 2 4 6","int5_st6",NA,4,5,1,"20_4",NA
20,"SoS-Delay","1 2 4 6","int6_st1",NA,5,0,0,"20_5",NA
20,"SoS-Delay","1 2 4 6","int6_st2",NA,5,1,0,"20_5",NA
20,"SoS-Delay","1 2 4 6","int6_st3",NA,5,2,0,"20_5",NA
20,"SoS-Delay","1 2 4 6","int6_st4",NA,5,3,0,"20_5",NA
20,"SoS-Delay","1 2 4 6","int6_st5",NA,5,4,1,"20_5",NA
20,"SoS-Delay","1 2 4 6","int6_st6",NA,5,5,1,"20_5",NA
21,"Basic","4 3 1 6","int1_st1",1,0,0,0,"21_0",0
21,"Basic","4 3 1 6","int1_st2",0,0,1,0,"21_0",0
21,"Basic","4 3 1 6","int1_st3",0,0,2,0,"21_0",0
21,"Basic","4 3 1 6","int1_st4",0,0,3,0,"21_0",0
21,"Basic","4 3 1 6","int1_st5",0,0,4,1,"21_0",0
21,"Basic","4 3 1 6","int1_st6",1,0,5,1,"21_0",0
21,"Basic","4 3 1 6","int2_st1",0,1,0,0,"21_1",0
21,"Basic","4 3 1 6","int2_st2",0,1,1,0,"21_1",0
21,"Basic","4 3 1 6","int2_st3",2,1,2,0,"21_1",0
21,"Basic","4 3 1 6","int2_st4",0,1,3,0,"21_1",0
21,"Basic","4 3 1 6","int2_st5",1,1,4,1,"21_1",0
21,"Basic","4 3 1 6","int2_st6",0,1,5,1,"21_1",0
21,"Basic","4 3 1 6","int3_st1",1,2,0,0,"21_2",0
21,"Basic","4 3 1 6","int3_st2",1,2,1,0,"21_2",0
21,"Basic","4 3 1 6","int3_st3",5,2,2,0,"21_2",0
21,"Basic","4 3 1 6","int3_st4",2,2,3,0,"21_2",0
21,"Basic","4 3 1 6","int3_st5",5,2,4,1,"21_2",0
21,"Basic","4 3 1 6","int3_st6",1,2,5,1,"21_2",0
21,"Basic","4 3 1 6","int4_st1",0,3,0,0,"21_3",0
21,"Basic","4 3 1 6","int4_st2",0,3,1,0,"21_3",0
21,"Basic","4 3 1 6","int4_st3",0,3,2,0,"21_3",0
21,"Basic","4 3 1 6","int4_st4",2,3,3,0,"21_3",0
21,"Basic","4 3 1 6","int4_st5",1,3,4,1,"21_3",0
21,"Basic","4 3 1 6","int4_st6",0,3,5,1,"21_3",0
21,"Basic","4 3 1 6","int5_st1",NA,4,0,0,"21_4",0
21,"Basic","4 3 1 6","int5_st2",NA,4,1,0,"21_4",0
21,"Basic","4 3 1 6","int5_st3",NA,4,2,0,"21_4",0
21,"Basic","4 3 1 6","int5_st4",NA,4,3,0,"21_4",0
21,"Basic","4 3 1 6","int5_st5",NA,4,4,1,"21_4",0
21,"Basic","4 3 1 6","int5_st6",NA,4,5,1,"21_4",0
21,"Basic","4 3 1 6","int6_st1",NA,5,0,0,"21_5",0
21,"Basic","4 3 1 6","int6_st2",NA,5,1,0,"21_5",0
21,"Basic","4 3 1 6","int6_st3",NA,5,2,0,"21_5",0
21,"Basic","4 3 1 6","int6_st4",NA,5,3,0,"21_5",0
21,"Basic","4 3 1 6","int6_st5",NA,5,4,1,"21_5",0
21,"Basic","4 3 1 6","int6_st6",NA,5,5,1,"21_5",0
22,"SoS-Delay","1 3 4 5","int1_st1",2,0,0,0,"22_0",0
22,"SoS-Delay","1 3 4 5","int1_st2",4,0,1,0,"22_0",0
22,"SoS-Delay","1 3 4 5","int1_st3",4,0,2,0,"22_0",0
22,"SoS-Delay","1 3 4 5","int1_st4",1,0,3,0,"22_0",0
22,"SoS-Delay","1 3 4 5","int1_st5",0,0,4,1,"22_0",0
22,"SoS-Delay","1 3 4 5","int1_st6",0,0,5,1,"22_0",0
22,"SoS-Delay","1 3 4 5","int2_st1",1,1,0,0,"22_1",0
22,"SoS-Delay","1 3 4 5","int2_st2",0,1,1,0,"22_1",0
22,"SoS-Delay","1 3 4 5","int2_st3",0,1,2,0,"22_1",0
22,"SoS-Delay","1 3 4 5","int2_st4",1,1,3,0,"22_1",0
22,"SoS-Delay","1 3 4 5","int2_st5",1,1,4,1,"22_1",0
22,"SoS-Delay","1 3 4 5","int2_st6",0,1,5,1,"22_1",0
22,"SoS-Delay","1 3 4 5","int3_st1",1,2,0,0,"22_2",1
22,"SoS-Delay","1 3 4 5","int3_st2",0,2,1,0,"22_2",1
22,"SoS-Delay","1 3 4 5","int3_st3",1,2,2,0,"22_2",1
22,"SoS-Delay","1 3 4 5","int3_st4",2,2,3,0,"22_2",1
22,"SoS-Delay","1 3 4 5","int3_st5",0,2,4,1,"22_2",1
22,"SoS-Delay","1 3 4 5","int3_st6",0,2,5,1,"22_2",1
22,"SoS-Delay","1 3 4 5","int4_st1",2,3,0,0,"22_3",1
22,"SoS-Delay","1 3 4 5","int4_st2",3,3,1,0,"22_3",1
22,"SoS-Delay","1 3 4 5","int4_st3",2,3,2,0,"22_3",1
22,"SoS-Delay","1 3 4 5","int4_st4",1,3,3,0,"22_3",1
22,"SoS-Delay","1 3 4 5","int4_st5",0,3,4,1,"22_3",1
22,"SoS-Delay","1 3 4 5","int4_st6",0,3,5,1,"22_3",1
22,"SoS-Delay","1 3 4 5","int5_st1",NA,4,0,0,"22_4",NA
22,"SoS-Delay","1 3 4 5","int5_st2",NA,4,1,0,"22_4",NA
22,"SoS-Delay","1 3 4 5","int5_st3",NA,4,2,0,"22_4",NA
22,"SoS-Delay","1 3 4 5","int5_st4",NA,4,3,0,"22_4",NA
22,"SoS-Delay","1 3 4 5","int5_st5",NA,4,4,1,"22_4",NA
22,"SoS-Delay","1 3 4 5","int5_st6",NA,4,5,1,"22_4",NA
22,"SoS-Delay","1 3 4 5","int6_st1",NA,5,0,0,"22_5",NA
22,"SoS-Delay","1 3 4 5","int6_st2",NA,5,1,0,"22_5",NA
22,"SoS-Delay","1 3 4 5","int6_st3",NA,5,2,0,"22_5",NA
22,"SoS-Delay","1 3 4 5","int6_st4",NA,5,3,0,"22_5",NA
22,"SoS-Delay","1 3 4 5","int6_st5",NA,5,4,1,"22_5",NA
22,"SoS-Delay","1 3 4 5","int6_st6",NA,5,5,1,"22_5",NA
23,"SoS","3 6 4 5","int1_st1",0,0,0,0,"23_0",1
23,"SoS","3 6 4 5","int1_st2",3,0,1,0,"23_0",1
23,"SoS","3 6 4 5","int1_st3",0,0,2,0,"23_0",1
23,"SoS","3 6 4 5","int1_st4",0,0,3,0,"23_0",1
23,"SoS","3 6 4 5","int1_st5",0,0,4,1,"23_0",1
23,"SoS","3 6 4 5","int1_st6",0,0,5,1,"23_0",1
23,"SoS","3 6 4 5","int2_st1",1,1,0,0,"23_1",1
23,"SoS","3 6 4 5","int2_st2",2,1,1,0,"23_1",1
23,"SoS","3 6 4 5","int2_st3",0,1,2,0,"23_1",1
23,"SoS","3 6 4 5","int2_st4",1,1,3,0,"23_1",1
23,"SoS","3 6 4 5","int2_st5",1,1,4,1,"23_1",1
23,"SoS","3 6 4 5","int2_st6",1,1,5,1,"23_1",1
23,"SoS","3 6 4 5","int3_st1",1,2,0,0,"23_2",1
23,"SoS","3 6 4 5","int3_st2",2,2,1,0,"23_2",1
23,"SoS","3 6 4 5","int3_st3",0,2,2,0,"23_2",1
23,"SoS","3 6 4 5","int3_st4",0,2,3,0,"23_2",1
23,"SoS","3 6 4 5","int3_st5",0,2,4,1,"23_2",1
23,"SoS","3 6 4 5","int3_st6",0,2,5,1,"23_2",1
23,"SoS","3 6 4 5","int4_st1",0,3,0,0,"23_3",1
23,"SoS","3 6 4 5","int4_st2",1,3,1,0,"23_3",1
23,"SoS","3 6 4 5","int4_st3",3,3,2,0,"23_3",1
23,"SoS","3 6 4 5","int4_st4",4,3,3,0,"23_3",1
23,"SoS","3 6 4 5","int4_st5",1,3,4,1,"23_3",1
23,"SoS","3 6 4 5","int4_st6",0,3,5,1,"23_3",1
23,"SoS","3 6 4 5","int5_st1",NA,4,0,0,"23_4",NA
23,"SoS","3 6 4 5","int5_st2",NA,4,1,0,"23_4",NA
23,"SoS","3 6 4 5","int5_st3",NA,4,2,0,"23_4",NA
23,"SoS","3 6 4 5","int5_st4",NA,4,3,0,"23_4",NA
23,"SoS","3 6 4 5","int5_st5",NA,4,4,1,"23_4",NA
23,"SoS","3 6 4 5","int5_st6",NA,4,5,1,"23_4",NA
23,"SoS","3 6 4 5","int6_st1",NA,5,0,0,"23_5",NA
23,"SoS","3 6 4 5","int6_st2",NA,5,1,0,"23_5",NA
23,"SoS","3 6 4 5","int6_st3",NA,5,2,0,"23_5",NA
23,"SoS","3 6 4 5","int6_st4",NA,5,3,0,"23_5",NA
23,"SoS","3 6 4 5","int6_st5",NA,5,4,1,"23_5",NA
23,"SoS","3 6 4 5","int6_st6",NA,5,5,1,"23_5",NA
24,"Basic","1 4 5 2","int1_st1",0,0,0,0,"24_0",0
24,"Basic","1 4 5 2","int1_st2",1,0,1,0,"24_0",0
24,"Basic","1 4 5 2","int1_st3",3,0,2,0,"24_0",0
24,"Basic","1 4 5 2","int1_st4",1,0,3,0,"24_0",0
24,"Basic","1 4 5 2","int1_st5",0,0,4,1,"24_0",0
24,"Basic","1 4 5 2","int1_st6",0,0,5,1,"24_0",0
24,"Basic","1 4 5 2","int2_st1",1,1,0,0,"24_1",0
24,"Basic","1 4 5 2","int2_st2",0,1,1,0,"24_1",0
24,"Basic","1 4 5 2","int2_st3",1,1,2,0,"24_1",0
24,"Basic","1 4 5 2","int2_st4",0,1,3,0,"24_1",0
24,"Basic","1 4 5 2","int2_st5",0,1,4,1,"24_1",0
24,"Basic","1 4 5 2","int2_st6",0,1,5,1,"24_1",0
24,"Basic","1 4 5 2","int3_st1",1,2,0,0,"24_2",0
24,"Basic","1 4 5 2","int3_st2",4,2,1,0,"24_2",0
24,"Basic","1 4 5 2","int3_st3",2,2,2,0,"24_2",0
24,"Basic","1 4 5 2","int3_st4",1,2,3,0,"24_2",0
24,"Basic","1 4 5 2","int3_st5",1,2,4,1,"24_2",0
24,"Basic","1 4 5 2","int3_st6",1,2,5,1,"24_2",0
24,"Basic","1 4 5 2","int4_st1",0,3,0,0,"24_3",0
24,"Basic","1 4 5 2","int4_st2",1,3,1,0,"24_3",0
24,"Basic","1 4 5 2","int4_st3",1,3,2,0,"24_3",0
24,"Basic","1 4 5 2","int4_st4",0,3,3,0,"24_3",0
24,"Basic","1 4 5 2","int4_st5",1,3,4,1,"24_3",0
24,"Basic","1 4 5 2","int4_st6",0,3,5,1,"24_3",0
24,"Basic","1 4 5 2","int5_st1",NA,4,0,0,"24_4",0
24,"Basic","1 4 5 2","int5_st2",NA,4,1,0,"24_4",0
24,"Basic","1 4 5 2","int5_st3",NA,4,2,0,"24_4",0
24,"Basic","1 4 5 2","int5_st4",NA,4,3,0,"24_4",0
24,"Basic","1 4 5 2","int5_st5",NA,4,4,1,"24_4",0
24,"Basic","1 4 5 2","int5_st6",NA,4,5,1,"24_4",0
24,"Basic","1 4 5 2","int6_st1",NA,5,0,0,"24_5",0
24,"Basic","1 4 5 2","int6_st2",NA,5,1,0,"24_5",0
24,"Basic","1 4 5 2","int6_st3",NA,5,2,0,"24_5",0
24,"Basic","1 4 5 2","int6_st4",NA,5,3,0,"24_5",0
24,"Basic","1 4 5 2","int6_st5",NA,5,4,1,"24_5",0
24,"Basic","1 4 5 2","int6_st6",NA,5,5,1,"24_5",0
25,"SoS","5 2 3 1","int1_st1",0,0,0,0,"25_0",1
25,"SoS","5 2 3 1","int1_st2",1,0,1,0,"25_0",1
25,"SoS","5 2 3 1","int1_st3",0,0,2,0,"25_0",1
25,"SoS","5 2 3 1","int1_st4",0,0,3,0,"25_0",1
25,"SoS","5 2 3 1","int1_st5",0,0,4,1,"25_0",1
25,"SoS","5 2 3 1","int1_st6",0,0,5,1,"25_0",1
25,"SoS","5 2 3 1","int2_st1",2,1,0,0,"25_1",1
25,"SoS","5 2 3 1","int2_st2",2,1,1,0,"25_1",1
25,"SoS","5 2 3 1","int2_st3",1,1,2,0,"25_1",1
25,"SoS","5 2 3 1","int2_st4",0,1,3,0,"25_1",1
25,"SoS","5 2 3 1","int2_st5",0,1,4,1,"25_1",1
25,"SoS","5 2 3 1","int2_st6",1,1,5,1,"25_1",1
25,"SoS","5 2 3 1","int3_st1",1,2,0,0,"25_2",1
25,"SoS","5 2 3 1","int3_st2",3,2,1,0,"25_2",1
25,"SoS","5 2 3 1","int3_st3",0,2,2,0,"25_2",1
25,"SoS","5 2 3 1","int3_st4",2,2,3,0,"25_2",1
25,"SoS","5 2 3 1","int3_st5",1,2,4,1,"25_2",1
25,"SoS","5 2 3 1","int3_st6",0,2,5,1,"25_2",1
25,"SoS","5 2 3 1","int4_st1",0,3,0,0,"25_3",1
25,"SoS","5 2 3 1","int4_st2",0,3,1,0,"25_3",1
25,"SoS","5 2 3 1","int4_st3",0,3,2,0,"25_3",1
25,"SoS","5 2 3 1","int4_st4",0,3,3,0,"25_3",1
25,"SoS","5 2 3 1","int4_st5",0,3,4,1,"25_3",1
25,"SoS","5 2 3 1","int4_st6",0,3,5,1,"25_3",1
25,"SoS","5 2 3 1","int5_st1",NA,4,0,0,"25_4",NA
25,"SoS","5 2 3 1","int5_st2",NA,4,1,0,"25_4",NA
25,"SoS","5 2 3 1","int5_st3",NA,4,2,0,"25_4",NA
25,"SoS","5 2 3 1","int5_st4",NA,4,3,0,"25_4",NA
25,"SoS","5 2 3 1","int5_st5",NA,4,4,1,"25_4",NA
25,"SoS","5 2 3 1","int5_st6",NA,4,5,1,"25_4",NA
25,"SoS","5 2 3 1","int6_st1",NA,5,0,0,"25_5",NA
25,"SoS","5 2 3 1","int6_st2",NA,5,1,0,"25_5",NA
25,"SoS","5 2 3 1","int6_st3",NA,5,2,0,"25_5",NA
25,"SoS","5 2 3 1","int6_st4",NA,5,3,0,"25_5",NA
25,"SoS","5 2 3 1","int6_st5",NA,5,4,1,"25_5",NA
25,"SoS","5 2 3 1","int6_st6",NA,5,5,1,"25_5",NA
26,"SoS-Delay","4 1 3 6","int1_st1",1,0,0,0,"26_0",0
26,"SoS-Delay","4 1 3 6","int1_st2",0,0,1,0,"26_0",0
26,"SoS-Delay","4 1 3 6","int1_st3",1,0,2,0,"26_0",0
26,"SoS-Delay","4 1 3 6","int1_st4",1,0,3,0,"26_0",0
26,"SoS-Delay","4 1 3 6","int1_st5",0,0,4,1,"26_0",0
26,"SoS-Delay","4 1 3 6","int1_st6",2,0,5,1,"26_0",0
26,"SoS-Delay","4 1 3 6","int2_st1",1,1,0,0,"26_1",0
26,"SoS-Delay","4 1 3 6","int2_st2",1,1,1,0,"26_1",0
26,"SoS-Delay","4 1 3 6","int2_st3",2,1,2,0,"26_1",0
26,"SoS-Delay","4 1 3 6","int2_st4",0,1,3,0,"26_1",0
26,"SoS-Delay","4 1 3 6","int2_st5",0,1,4,1,"26_1",0
26,"SoS-Delay","4 1 3 6","int2_st6",2,1,5,1,"26_1",0
26,"SoS-Delay","4 1 3 6","int3_st1",2,2,0,0,"26_2",1
26,"SoS-Delay","4 1 3 6","int3_st2",4,2,1,0,"26_2",1
26,"SoS-Delay","4 1 3 6","int3_st3",3,2,2,0,"26_2",1
26,"SoS-Delay","4 1 3 6","int3_st4",2,2,3,0,"26_2",1
26,"SoS-Delay","4 1 3 6","int3_st5",0,2,4,1,"26_2",1
26,"SoS-Delay","4 1 3 6","int3_st6",0,2,5,1,"26_2",1
26,"SoS-Delay","4 1 3 6","int4_st1",1,3,0,0,"26_3",1
26,"SoS-Delay","4 1 3 6","int4_st2",4,3,1,0,"26_3",1
26,"SoS-Delay","4 1 3 6","int4_st3",2,3,2,0,"26_3",1
26,"SoS-Delay","4 1 3 6","int4_st4",4,3,3,0,"26_3",1
26,"SoS-Delay","4 1 3 6","int4_st5",1,3,4,1,"26_3",1
26,"SoS-Delay","4 1 3 6","int4_st6",5,3,5,1,"26_3",1
26,"SoS-Delay","4 1 3 6","int5_st1",NA,4,0,0,"26_4",NA
26,"SoS-Delay","4 1 3 6","int5_st2",NA,4,1,0,"26_4",NA
26,"SoS-Delay","4 1 3 6","int5_st3",NA,4,2,0,"26_4",NA
26,"SoS-Delay","4 1 3 6","int5_st4",NA,4,3,0,"26_4",NA
26,"SoS-Delay","4 1 3 6","int5_st5",NA,4,4,1,"26_4",NA
26,"SoS-Delay","4 1 3 6","int5_st6",NA,4,5,1,"26_4",NA
26,"SoS-Delay","4 1 3 6","int6_st1",NA,5,0,0,"26_5",NA
26,"SoS-Delay","4 1 3 6","int6_st2",NA,5,1,0,"26_5",NA
26,"SoS-Delay","4 1 3 6","int6_st3",NA,5,2,0,"26_5",NA
26,"SoS-Delay","4 1 3 6","int6_st4",NA,5,3,0,"26_5",NA
26,"SoS-Delay","4 1 3 6","int6_st5",NA,5,4,1,"26_5",NA
26,"SoS-Delay","4 1 3 6","int6_st6",NA,5,5,1,"26_5",NA
27,"SoS-Delay","1 6 2 5","int1_st1",0,0,0,0,"27_0",0
27,"SoS-Delay","1 6 2 5","int1_st2",1,0,1,0,"27_0",0
27,"SoS-Delay","1 6 2 5","int1_st3",2,0,2,0,"27_0",0
27,"SoS-Delay","1 6 2 5","int1_st4",1,0,3,0,"27_0",0
27,"SoS-Delay","1 6 2 5","int1_st5",1,0,4,1,"27_0",0
27,"SoS-Delay","1 6 2 5","int1_st6",0,0,5,1,"27_0",0
27,"SoS-Delay","1 6 2 5","int2_st1",2,1,0,0,"27_1",0
27,"SoS-Delay","1 6 2 5","int2_st2",1,1,1,0,"27_1",0
27,"SoS-Delay","1 6 2 5","int2_st3",0,1,2,0,"27_1",0
27,"SoS-Delay","1 6 2 5","int2_st4",1,1,3,0,"27_1",0
27,"SoS-Delay","1 6 2 5","int2_st5",1,1,4,1,"27_1",0
27,"SoS-Delay","1 6 2 5","int2_st6",0,1,5,1,"27_1",0
27,"SoS-Delay","1 6 2 5","int3_st1",4,2,0,0,"27_2",1
27,"SoS-Delay","1 6 2 5","int3_st2",2,2,1,0,"27_2",1
27,"SoS-Delay","1 6 2 5","int3_st3",4,2,2,0,"27_2",1
27,"SoS-Delay","1 6 2 5","int3_st4",0,2,3,0,"27_2",1
27,"SoS-Delay","1 6 2 5","int3_st5",1,2,4,1,"27_2",1
27,"SoS-Delay","1 6 2 5","int3_st6",0,2,5,1,"27_2",1
27,"SoS-Delay","1 6 2 5","int4_st1",0,3,0,0,"27_3",1
27,"SoS-Delay","1 6 2 5","int4_st2",3,3,1,0,"27_3",1
27,"SoS-Delay","1 6 2 5","int4_st3",2,3,2,0,"27_3",1
27,"SoS-Delay","1 6 2 5","int4_st4",0,3,3,0,"27_3",1
27,"SoS-Delay","1 6 2 5","int4_st5",1,3,4,1,"27_3",1
27,"SoS-Delay","1 6 2 5","int4_st6",0,3,5,1,"27_3",1
27,"SoS-Delay","1 6 2 5","int5_st1",NA,4,0,0,"27_4",NA
27,"SoS-Delay","1 6 2 5","int5_st2",NA,4,1,0,"27_4",NA
27,"SoS-Delay","1 6 2 5","int5_st3",NA,4,2,0,"27_4",NA
27,"SoS-Delay","1 6 2 5","int5_st4",NA,4,3,0,"27_4",NA
27,"SoS-Delay","1 6 2 5","int5_st5",NA,4,4,1,"27_4",NA
27,"SoS-Delay","1 6 2 5","int5_st6",NA,4,5,1,"27_4",NA
27,"SoS-Delay","1 6 2 5","int6_st1",NA,5,0,0,"27_5",NA
27,"SoS-Delay","1 6 2 5","int6_st2",NA,5,1,0,"27_5",NA
27,"SoS-Delay","1 6 2 5","int6_st3",NA,5,2,0,"27_5",NA
27,"SoS-Delay","1 6 2 5","int6_st4",NA,5,3,0,"27_5",NA
27,"SoS-Delay","1 6 2 5","int6_st5",NA,5,4,1,"27_5",NA
27,"SoS-Delay","1 6 2 5","int6_st6",NA,5,5,1,"27_5",NA
28,"SoS","3 1 2 5","int1_st1",1,0,0,0,"28_0",1
28,"SoS","3 1 2 5","int1_st2",2,0,1,0,"28_0",1
28,"SoS","3 1 2 5","int1_st3",1,0,2,0,"28_0",1
28,"SoS","3 1 2 5","int1_st4",3,0,3,0,"28_0",1
28,"SoS","3 1 2 5","int1_st5",1,0,4,1,"28_0",1
28,"SoS","3 1 2 5","int1_st6",0,0,5,1,"28_0",1
28,"SoS","3 1 2 5","int2_st1",1,1,0,0,"28_1",1
28,"SoS","3 1 2 5","int2_st2",1,1,1,0,"28_1",1
28,"SoS","3 1 2 5","int2_st3",2,1,2,0,"28_1",1
28,"SoS","3 1 2 5","int2_st4",4,1,3,0,"28_1",1
28,"SoS","3 1 2 5","int2_st5",0,1,4,1,"28_1",1
28,"SoS","3 1 2 5","int2_st6",1,1,5,1,"28_1",1
28,"SoS","3 1 2 5","int3_st1",3,2,0,0,"28_2",1
28,"SoS","3 1 2 5","int3_st2",4,2,1,0,"28_2",1
28,"SoS","3 1 2 5","int3_st3",1,2,2,0,"28_2",1
28,"SoS","3 1 2 5","int3_st4",2,2,3,0,"28_2",1
28,"SoS","3 1 2 5","int3_st5",0,2,4,1,"28_2",1
28,"SoS","3 1 2 5","int3_st6",0,2,5,1,"28_2",1
28,"SoS","3 1 2 5","int4_st1",2,3,0,0,"28_3",1
28,"SoS","3 1 2 5","int4_st2",2,3,1,0,"28_3",1
28,"SoS","3 1 2 5","int4_st3",2,3,2,0,"28_3",1
28,"SoS","3 1 2 5","int4_st4",2,3,3,0,"28_3",1
28,"SoS","3 1 2 5","int4_st5",1,3,4,1,"28_3",1
28,"SoS","3 1 2 5","int4_st6",1,3,5,1,"28_3",1
28,"SoS","3 1 2 5","int5_st1",NA,4,0,0,"28_4",NA
28,"SoS","3 1 2 5","int5_st2",NA,4,1,0,"28_4",NA
28,"SoS","3 1 2 5","int5_st3",NA,4,2,0,"28_4",NA
28,"SoS","3 1 2 5","int5_st4",NA,4,3,0,"28_4",NA
28,"SoS","3 1 2 5","int5_st5",NA,4,4,1,"28_4",NA
28,"SoS","3 1 2 5","int5_st6",NA,4,5,1,"28_4",NA
28,"SoS","3 1 2 5","int6_st1",NA,5,0,0,"28_5",NA
28,"SoS","3 1 2 5","int6_st2",NA,5,1,0,"28_5",NA
28,"SoS","3 1 2 5","int6_st3",NA,5,2,0,"28_5",NA
28,"SoS","3 1 2 5","int6_st4",NA,5,3,0,"28_5",NA
28,"SoS","3 1 2 5","int6_st5",NA,5,4,1,"28_5",NA
28,"SoS","3 1 2 5","int6_st6",NA,5,5,1,"28_5",NA
29,"SoS-Delay","3 2 5 1","int1_st1",0,0,0,0,"29_0",0
29,"SoS-Delay","3 2 5 1","int1_st2",4,0,1,0,"29_0",0
29,"SoS-Delay","3 2 5 1","int1_st3",5,0,2,0,"29_0",0
29,"SoS-Delay","3 2 5 1","int1_st4",1,0,3,0,"29_0",0
29,"SoS-Delay","3 2 5 1","int1_st5",0,0,4,1,"29_0",0
29,"SoS-Delay","3 2 5 1","int1_st6",1,0,5,1,"29_0",0
29,"SoS-Delay","3 2 5 1","int2_st1",0,1,0,0,"29_1",0
29,"SoS-Delay","3 2 5 1","int2_st2",1,1,1,0,"29_1",0
29,"SoS-Delay","3 2 5 1","int2_st3",1,1,2,0,"29_1",0
29,"SoS-Delay","3 2 5 1","int2_st4",1,1,3,0,"29_1",0
29,"SoS-Delay","3 2 5 1","int2_st5",1,1,4,1,"29_1",0
29,"SoS-Delay","3 2 5 1","int2_st6",0,1,5,1,"29_1",0
29,"SoS-Delay","3 2 5 1","int3_st1",1,2,0,0,"29_2",1
29,"SoS-Delay","3 2 5 1","int3_st2",4,2,1,0,"29_2",1
29,"SoS-Delay","3 2 5 1","int3_st3",3,2,2,0,"29_2",1
29,"SoS-Delay","3 2 5 1","int3_st4",0,2,3,0,"29_2",1
29,"SoS-Delay","3 2 5 1","int3_st5",0,2,4,1,"29_2",1
29,"SoS-Delay","3 2 5 1","int3_st6",1,2,5,1,"29_2",1
29,"SoS-Delay","3 2 5 1","int4_st1",1,3,0,0,"29_3",1
29,"SoS-Delay","3 2 5 1","int4_st2",2,3,1,0,"29_3",1
29,"SoS-Delay","3 2 5 1","int4_st3",4,3,2,0,"29_3",1
29,"SoS-Delay","3 2 5 1","int4_st4",2,3,3,0,"29_3",1
29,"SoS-Delay","3 2 5 1","int4_st5",0,3,4,1,"29_3",1
29,"SoS-Delay","3 2 5 1","int4_st6",0,3,5,1,"29_3",1
29,"SoS-Delay","3 2 5 1","int5_st1",NA,4,0,0,"29_4",NA
29,"SoS-Delay","3 2 5 1","int5_st2",NA,4,1,0,"29_4",NA
29,"SoS-Delay","3 2 5 1","int5_st3",NA,4,2,0,"29_4",NA
29,"SoS-Delay","3 2 5 1","int5_st4",NA,4,3,0,"29_4",NA
29,"SoS-Delay","3 2 5 1","int5_st5",NA,4,4,1,"29_4",NA
29,"SoS-Delay","3 2 5 1","int5_st6",NA,4,5,1,"29_4",NA
29,"SoS-Delay","3 2 5 1","int6_st1",NA,5,0,0,"29_5",NA
29,"SoS-Delay","3 2 5 1","int6_st2",NA,5,1,0,"29_5",NA
29,"SoS-Delay","3 2 5 1","int6_st3",NA,5,2,0,"29_5",NA
29,"SoS-Delay","3 2 5 1","int6_st4",NA,5,3,0,"29_5",NA
29,"SoS-Delay","3 2 5 1","int6_st5",NA,5,4,1,"29_5",NA
29,"SoS-Delay","3 2 5 1","int6_st6",NA,5,5,1,"29_5",NA
30,"SoS-Delay","3 4 2 1","int1_st1",0,0,0,0,"30_0",0
30,"SoS-Delay","3 4 2 1","int1_st2",1,0,1,0,"30_0",0
30,"SoS-Delay","3 4 2 1","int1_st3",0,0,2,0,"30_0",0
30,"SoS-Delay","3 4 2 1","int1_st4",0,0,3,0,"30_0",0
30,"SoS-Delay","3 4 2 1","int1_st5",0,0,4,1,"30_0",0
30,"SoS-Delay","3 4 2 1","int1_st6",0,0,5,1,"30_0",0
30,"SoS-Delay","3 4 2 1","int2_st1",1,1,0,0,"30_1",0
30,"SoS-Delay","3 4 2 1","int2_st2",2,1,1,0,"30_1",0
30,"SoS-Delay","3 4 2 1","int2_st3",0,1,2,0,"30_1",0
30,"SoS-Delay","3 4 2 1","int2_st4",0,1,3,0,"30_1",0
30,"SoS-Delay","3 4 2 1","int2_st5",0,1,4,1,"30_1",0
30,"SoS-Delay","3 4 2 1","int2_st6",0,1,5,1,"30_1",0
30,"SoS-Delay","3 4 2 1","int3_st1",4,2,0,0,"30_2",1
30,"SoS-Delay","3 4 2 1","int3_st2",3,2,1,0,"30_2",1
30,"SoS-Delay","3 4 2 1","int3_st3",0,2,2,0,"30_2",1
30,"SoS-Delay","3 4 2 1","int3_st4",1,2,3,0,"30_2",1
30,"SoS-Delay","3 4 2 1","int3_st5",0,2,4,1,"30_2",1
30,"SoS-Delay","3 4 2 1","int3_st6",0,2,5,1,"30_2",1
30,"SoS-Delay","3 4 2 1","int4_st1",1,3,0,0,"30_3",1
30,"SoS-Delay","3 4 2 1","int4_st2",1,3,1,0,"30_3",1
30,"SoS-Delay","3 4 2 1","int4_st3",0,3,2,0,"30_3",1
30,"SoS-Delay","3 4 2 1","int4_st4",2,3,3,0,"30_3",1
30,"SoS-Delay","3 4 2 1","int4_st5",0,3,4,1,"30_3",1
30,"SoS-Delay","3 4 2 1","int4_st6",0,3,5,1,"30_3",1
30,"SoS-Delay","3 4 2 1","int5_st1",NA,4,0,0,"30_4",NA
30,"SoS-Delay","3 4 2 1","int5_st2",NA,4,1,0,"30_4",NA
30,"SoS-Delay","3 4 2 1","int5_st3",NA,4,2,0,"30_4",NA
30,"SoS-Delay","3 4 2 1","int5_st4",NA,4,3,0,"30_4",NA
30,"SoS-Delay","3 4 2 1","int5_st5",NA,4,4,1,"30_4",NA
30,"SoS-Delay","3 4 2 1","int5_st6",NA,4,5,1,"30_4",NA
30,"SoS-Delay","3 4 2 1","int6_st1",NA,5,0,0,"30_5",NA
30,"SoS-Delay","3 4 2 1","int6_st2",NA,5,1,0,"30_5",NA
30,"SoS-Delay","3 4 2 1","int6_st3",NA,5,2,0,"30_5",NA
30,"SoS-Delay","3 4 2 1","int6_st4",NA,5,3,0,"30_5",NA
30,"SoS-Delay","3 4 2 1","int6_st5",NA,5,4,1,"30_5",NA
30,"SoS-Delay","3 4 2 1","int6_st6",NA,5,5,1,"30_5",NA
31,"SoS-Delay","6 3 2 5","int1_st1",1,0,0,0,"31_0",0
31,"SoS-Delay","6 3 2 5","int1_st2",2,0,1,0,"31_0",0
31,"SoS-Delay","6 3 2 5","int1_st3",2,0,2,0,"31_0",0
31,"SoS-Delay","6 3 2 5","int1_st4",4,0,3,0,"31_0",0
31,"SoS-Delay","6 3 2 5","int1_st5",0,0,4,1,"31_0",0
31,"SoS-Delay","6 3 2 5","int1_st6",0,0,5,1,"31_0",0
31,"SoS-Delay","6 3 2 5","int2_st1",1,1,0,0,"31_1",0
31,"SoS-Delay","6 3 2 5","int2_st2",0,1,1,0,"31_1",0
31,"SoS-Delay","6 3 2 5","int2_st3",0,1,2,0,"31_1",0
31,"SoS-Delay","6 3 2 5","int2_st4",0,1,3,0,"31_1",0
31,"SoS-Delay","6 3 2 5","int2_st5",1,1,4,1,"31_1",0
31,"SoS-Delay","6 3 2 5","int2_st6",1,1,5,1,"31_1",0
31,"SoS-Delay","6 3 2 5","int3_st1",2,2,0,0,"31_2",1
31,"SoS-Delay","6 3 2 5","int3_st2",0,2,1,0,"31_2",1
31,"SoS-Delay","6 3 2 5","int3_st3",0,2,2,0,"31_2",1
31,"SoS-Delay","6 3 2 5","int3_st4",1,2,3,0,"31_2",1
31,"SoS-Delay","6 3 2 5","int3_st5",0,2,4,1,"31_2",1
31,"SoS-Delay","6 3 2 5","int3_st6",0,2,5,1,"31_2",1
31,"SoS-Delay","6 3 2 5","int4_st1",0,3,0,0,"31_3",1
31,"SoS-Delay","6 3 2 5","int4_st2",1,3,1,0,"31_3",1
31,"SoS-Delay","6 3 2 5","int4_st3",2,3,2,0,"31_3",1
31,"SoS-Delay","6 3 2 5","int4_st4",0,3,3,0,"31_3",1
31,"SoS-Delay","6 3 2 5","int4_st5",1,3,4,1,"31_3",1
31,"SoS-Delay","6 3 2 5","int4_st6",0,3,5,1,"31_3",1
31,"SoS-Delay","6 3 2 5","int5_st1",NA,4,0,0,"31_4",NA
31,"SoS-Delay","6 3 2 5","int5_st2",NA,4,1,0,"31_4",NA
31,"SoS-Delay","6 3 2 5","int5_st3",NA,4,2,0,"31_4",NA
31,"SoS-Delay","6 3 2 5","int5_st4",NA,4,3,0,"31_4",NA
31,"SoS-Delay","6 3 2 5","int5_st5",NA,4,4,1,"31_4",NA
31,"SoS-Delay","6 3 2 5","int5_st6",NA,4,5,1,"31_4",NA
31,"SoS-Delay","6 3 2 5","int6_st1",NA,5,0,0,"31_5",NA
31,"SoS-Delay","6 3 2 5","int6_st2",NA,5,1,0,"31_5",NA
31,"SoS-Delay","6 3 2 5","int6_st3",NA,5,2,0,"31_5",NA
31,"SoS-Delay","6 3 2 5","int6_st4",NA,5,3,0,"31_5",NA
31,"SoS-Delay","6 3 2 5","int6_st5",NA,5,4,1,"31_5",NA
31,"SoS-Delay","6 3 2 5","int6_st6",NA,5,5,1,"31_5",NA
