"id","interview","response_id","StartDate","EndDate","Status","Progress","Duration (in seconds)","Finished","RecordedDate","DistributionChannel","UserLanguage","meta_Browser","meta_Version","meta_Operating System","meta_Resolution","consent","entrance","pass_1","confidence","motivation","pass_4","interview_statements_1","interview_statements_2","interview_statements_3","interview_statements_4","knowledge_before","new_info","strategy","strategy_free","change_strategy","change_strategy_free","interview_adj_1","interview_adj_2","interview_adj_3","interview_adj_4","interview_adj_5","interview_adj_6","interviewer_adj_1","interviewer_adj_2","interviewer_adj_3","interviewer_adj_4","interviewer_adj_5","interviewer_adj_6","engagement","age","gender","cond","mc","moderator_link","prolific_link","link","Class","condition","sos_training","interview_adj_2_R","interview_adj_4_R","interview_perc","interviewer_adj_2_R","interviewer_adj_3_R","interviewer_adj_6_R","interviewer_perc","self_assessment"
1,1,"R_2qxGKk2LRQcWbqf",2023-09-16 13:10:50,2023-09-16 14:19:07,0,100,4096,1,2023-09-16 14:19:08,"anonymous","EN","Chrome","116.0.0.0","Macintosh","1680x1050",1,2,"bowl",2,5,"sos",1,1,1,2,6,2,1,"My strategy was to come up with a scenario that I was thinking of applying for a job in the company, and before doing so I wanted to check the premises and get a feeling of the working environment. I would tell them that I learned about open positions from a friend that has an acquaintance in the company (whom I didn't know). That way I could leave this vague and wouldn't have to say that I directly know someone who works at the company.",2,"I didn't change my strategy and tried to stick to it regardless of the questions asked.",2,4,2,4,3,2,3,5,1,3,5,2,6,38,1,"MC3A",3,"https://moderated.jitsi.net/5d6196b12f584e1aaaec9d827d1fb7ea0ac081e14f0942f696bf7bbadaebc7fe","https://meet.jit.si/moderated/9aa7428d4c6cd7ae9ac8c6cad8b00aea7e81364967b7330bead526abdcaef4d2","https://samgu.eu.qualtrics.com/jfe/form/SV_9LfHMv2hMJjDXmK","subject-1","Basic",0,2,2,2.16666666666667,1,5,4,3.5,1.25
1,2,"R_1jpkH3XZ0o9xdhr",2023-09-16 15:08:05,2023-09-16 16:13:40,0,100,3934,1,2023-09-16 16:13:42,"anonymous","EN","Chrome","116.0.0.0","Windows NT 10.0","1920x1080",1,1,"bowl",1,5,"sos",1,2,1,1,4,6,2,"I failed pretty badly",1,"After i literally got caught for good i tried changing the story in order to accuse my ""friend""",2,5,1,5,4,4,3,5,1,1,4,3,6,34,1,"MC1A",4,"https://moderated.jitsi.net/5d6196b12f584e1aaaec9d827d1fb7ea0ac081e14f0942f696bf7bbadaebc7fe","https://meet.jit.si/moderated/9aa7428d4c6cd7ae9ac8c6cad8b00aea7e81364967b7330bead526abdcaef4d2","https://samgu.eu.qualtrics.com/jfe/form/SV_8eSeuf91JiNTPzE","subject-1","Basic",0,1,1,2.16666666666667,1,5,3,2.83333333333333,1.25
1,3,"R_3KAUsoNt20aGQJB",2023-09-16 16:23:19,2023-09-16 17:20:36,0,100,3437,1,2023-09-16 17:20:38,"anonymous","EN","Firefox","117.0","Windows NT 10.0","1536x864",1,2,"bowl",6,5,"sos",4,4,2,3,4,5,1,"Learn what the interview knew and work my story around that. Look for convenient facts to back up my innocence.",2,NA,3,2,4,3,4,3,5,2,3,4,3,4,5,20,1,"MC1A",6,"https://moderated.jitsi.net/5d6196b12f584e1aaaec9d827d1fb7ea0ac081e14f0942f696bf7bbadaebc7fe","https://meet.jit.si/moderated/9aa7428d4c6cd7ae9ac8c6cad8b00aea7e81364967b7330bead526abdcaef4d2","https://samgu.eu.qualtrics.com/jfe/form/SV_2f886gyotJ1bB5A","subject-1","Basic",0,4,3,3.5,4,3,2,3.5,3.25
1,4,"R_AB4ayTZSIRiY3o5",2023-09-17 10:15:05,2023-09-17 10:40:33,0,54,1527,0,2023-09-17 14:15:07,"anonymous","EN","Chrome","116.0.0.0","Windows NT 10.0","1366x768",1,2,"bowl",6,4,NA,NA,NA,NA,NA,NA,NA,NA,NA,NA,NA,NA,NA,NA,NA,NA,NA,NA,NA,NA,NA,NA,NA,NA,NA,NA,"MC1A",1,"https://moderated.jitsi.net/5d6196b12f584e1aaaec9d827d1fb7ea0ac081e14f0942f696bf7bbadaebc7fe","https://meet.jit.si/moderated/9aa7428d4c6cd7ae9ac8c6cad8b00aea7e81364967b7330bead526abdcaef4d2","https://samgu.eu.qualtrics.com/jfe/form/SV_1AGv5hmwy3ZFB4i","subject-1","Basic",0,NA,NA,NA,NA,NA,NA,NA,NA
10,1,"R_2uqEjzjzulT6UnW",2023-09-21 10:55:17,2023-09-21 11:34:31,0,100,2353,1,2023-09-21 11:34:32,"anonymous","EN","Chrome","116.0.0.0","Windows NT 10.0","1920x1080",1,1,"bowl",2,6,"sos",1,1,1,1,7,1,1,"My strategy was to tell her that I only went to one floor, the 3rd floor. This is a floor where I had none of the activities happening because those happened on the 1st, the 6th, 4th, and 5th.",2,"When the interviewer mentioned that there was evidence of me being on the other floors, I kept saying that I only went to the third floor. I did not want to change my statement",1,4,1,5,2,1,5,4,1,3,3,3,6,27,2,"MC1A",4,"https://moderated.jitsi.net/f5d79756272842349dc7c11d70d6ae9ed331af5a20a145b5a996f28ca3b350ea","https://meet.jit.si/moderated/792a191c6529be6e306a8994bd528380477dc274cf56d2f052e3de0198f2b064","https://samgu.eu.qualtrics.com/jfe/form/SV_8eSeuf91JiNTPzE","subject-10","SoS",1,2,1,1.33333333333333,2,5,3,3.5,1
10,2,"R_2VBCgr7Hf4qUcl3",2023-09-21 11:53:52,2023-09-21 12:41:26,0,100,2853,1,2023-09-21 12:41:27,"anonymous","EN","Chrome","116.0.0.0","Windows NT 10.0","1366x768",1,1,"bowl",4,6,"sos",2,3,2,3,3,6,1,"i have sent you a message concerning missed in for/strategy",2,NA,4,3,3,2,4,3,4,4,2,3,4,1,6,48,1,"MC1A",5,"https://moderated.jitsi.net/f5d79756272842349dc7c11d70d6ae9ed331af5a20a145b5a996f28ca3b350ea","https://meet.jit.si/moderated/792a191c6529be6e306a8994bd528380477dc274cf56d2f052e3de0198f2b064","https://samgu.eu.qualtrics.com/jfe/form/SV_3qiGGcxklub7Wia","subject-10","SoS",1,3,4,3.5,2,4,5,3.66666666666667,2.5
10,3,"R_2QYx1aIsQf88T0F",2023-09-21 13:20:01,2023-09-21 14:05:06,0,100,2705,1,2023-09-21 14:05:08,"anonymous","EN","Firefox","117.0","Windows NT 10.0","1408x792",1,1,"bowl",6,7,"sos",4,2,1,3,6,7,1,"To say that I was in the building because I was attending an interview and that I got lost and disoriented, that anything I touched was because I was looking for help with directions",2,NA,4,3,3,2,4,4,4,4,1,3,4,1,6,53,2,"MC2A",2,"https://moderated.jitsi.net/f5d79756272842349dc7c11d70d6ae9ed331af5a20a145b5a996f28ca3b350ea","https://meet.jit.si/moderated/792a191c6529be6e306a8994bd528380477dc274cf56d2f052e3de0198f2b064","https://samgu.eu.qualtrics.com/jfe/form/SV_9mn8ojG9nl7lsii","subject-10","SoS",1,3,4,3.66666666666667,2,5,5,3.83333333333333,2.5
10,4,"R_2Bbxs09a6jvyJ6s",2023-09-21 14:59:06,2023-09-21 15:43:45,0,100,2678,1,2023-09-21 15:43:46,"anonymous","EN","Chrome","117.0.0.0","Windows NT 10.0","1536x864",1,1,"bowl",5,7,"sos",2,1,1,3,6,5,2,NA,2,NA,2,4,1,5,1,2,4,1,1,3,5,4,7,18,1,"MC3A",3,"https://moderated.jitsi.net/f5d79756272842349dc7c11d70d6ae9ed331af5a20a145b5a996f28ca3b350ea","https://meet.jit.si/moderated/792a191c6529be6e306a8994bd528380477dc274cf56d2f052e3de0198f2b064","https://samgu.eu.qualtrics.com/jfe/form/SV_9LfHMv2hMJjDXmK","subject-10","SoS",1,2,1,1.5,5,5,2,4,1.75
11,1,"R_VRy4rFYG6cnbDs5",2023-10-26 13:18:35,2023-10-26 13:54:21,0,100,2146,1,2023-10-26 13:54:22,"anonymous","EN","Chrome","112.0.0.0","Windows NT 10.0","1280x720",1,2,"bowl",7,7,"sos",5,4,4,5,2,6,1,"I wanted to ensure I had no link to any big corporation and made sure It was clear that my technology knowledge was limited. I wanted to distance myself from any relation to the business I committed my crime in. I wanted to make sure that I had a reason for looking around a location trying to find my friend in case i had been seen on any cameras whilst carrying out my mission.",2,"I didn't change my strategy",4,2,4,2,5,3,5,4,1,2,5,1,7,39,2,"MC3A",3,"https://moderated.jitsi.net/785ad51a31df452e83856a750428e5a1466ff0f72a824870a2383bbccd86d6e6","https://meet.jit.si/moderated/c84e7a966791acaf067234fa946ca8db9090d70600c42aaca1f6f631b53c7cc2","https://samgu.eu.qualtrics.com/jfe/form/SV_9LfHMv2hMJjDXmK","subject-11","SoS-Delay",0,4,4,4,2,5,5,4,4.5
11,2,"R_3oBAVib1yISOhz8",2023-10-26 14:35:40,2023-10-26 15:12:18,0,100,2197,1,2023-10-26 15:12:18,"anonymous","EN","Chrome","116.0.0.0","Windows NT 10.0","1920x1080",1,1,"bowl",4,5,"sos",2,4,2,3,1,5,2,NA,1,"I started saying that I knew people in the builiding but then I though it was dangerous so I say that I used to meet people there but not anymore.",4,3,4,2,4,3,3,3,1,2,3,2,4,46,2,"MC1A",6,"https://moderated.jitsi.net/785ad51a31df452e83856a750428e5a1466ff0f72a824870a2383bbccd86d6e6","https://meet.jit.si/moderated/c84e7a966791acaf067234fa946ca8db9090d70600c42aaca1f6f631b53c7cc2","https://samgu.eu.qualtrics.com/jfe/form/SV_2f886gyotJ1bB5A","subject-11","SoS-Delay",0,3,4,3.66666666666667,3,5,4,3.33333333333333,2.75
11,3,"R_31YQN26Yngu9teV",2023-11-02 17:12:57,2023-11-02 17:56:48,0,100,2630,1,2023-11-02 17:56:49,"anonymous","EN","Firefox","119.0","Windows NT 10.0","1536x864",1,1,"bowl",7,7,"sos",5,3,1,5,5,4,1,"I used race, mental illness and student cards",2,NA,5,1,5,1,5,5,5,1,1,4,4,4,1,32,2,"MC1A",4,"https://moderated.jitsi.net/785ad51a31df452e83856a750428e5a1466ff0f72a824870a2383bbccd86d6e6","https://meet.jit.si/moderated/c84e7a966791acaf067234fa946ca8db9090d70600c42aaca1f6f631b53c7cc2","https://samgu.eu.qualtrics.com/jfe/form/SV_8eSeuf91JiNTPzE","subject-11","SoS-Delay",1,5,5,5,5,5,2,4.16666666666667,3.5
11,4,"R_3pheyyr67IfXdRf",2023-11-02 18:39:22,2023-11-02 19:21:36,0,100,2533,1,2023-11-02 19:21:37,"anonymous","EN","Chrome","118.0.0.0","Windows NT 10.0","1536x864",1,2,"bowl",7,7,"sos",5,1,5,4,6,6,2,NA,2,NA,5,1,5,1,5,5,4,1,1,4,4,1,7,52,2,"MC2A",2,"https://moderated.jitsi.net/785ad51a31df452e83856a750428e5a1466ff0f72a824870a2383bbccd86d6e6","https://meet.jit.si/moderated/c84e7a966791acaf067234fa946ca8db9090d70600c42aaca1f6f631b53c7cc2","https://samgu.eu.qualtrics.com/jfe/form/SV_9mn8ojG9nl7lsii","subject-11","SoS-Delay",1,5,5,5,5,5,5,4.5,3.75
12,1,"R_1MYceT90eNi83yY",2023-10-24 09:18:56,2023-10-24 10:12:46,0,100,3230,1,2023-10-24 10:12:47,"anonymous","EN","Chrome","118.0.0.0","Windows NT 10.0","1366x768",1,2,"bowl",5,1,"sos",5,5,5,4,1,4,1,"I acted like I was looking for information and had no idea what was happening. I also used outside people's names to make my case convincing.",2,"None",5,1,5,1,5,5,5,1,1,3,5,1,7,49,2,"MC2A",2,"https://moderated.jitsi.net/4341837e414744a58e7af2d844c5ea376a771752358d41aba906076eaaf32e14","https://meet.jit.si/moderated/a4d6829cc04aa5a3ac2d853dde6284213ad85baba0ec14a461483857f0dbf4b4","https://samgu.eu.qualtrics.com/jfe/form/SV_9mn8ojG9nl7lsii","subject-12","Basic",0,5,5,5,5,5,5,4.66666666666667,4.75
12,2,"R_OD3gXWAnw7OBnTX",2023-10-24 10:32:42,2023-10-24 12:07:17,0,100,5674,1,2023-10-24 12:07:17,"anonymous","EN","Edge","118.0.2088.61","Windows NT 10.0","1536x864",1,1,"bowl",7,7,"sos",4,1,1,4,7,4,1,"I kept to the same story. I was sure to add minimal details and answered with confidence. I made sure I seemed confused around the directions of the building but certain about my movements and what I saw.",2,"I did not change my strategy but rather adapted the details of my story to match or explain the evidence presented.",1,4,4,5,5,5,5,5,1,3,5,1,7,26,3,"MC1A",4,"https://moderated.jitsi.net/4341837e414744a58e7af2d844c5ea376a771752358d41aba906076eaaf32e14","https://meet.jit.si/moderated/a4d6829cc04aa5a3ac2d853dde6284213ad85baba0ec14a461483857f0dbf4b4","https://samgu.eu.qualtrics.com/jfe/form/SV_8eSeuf91JiNTPzE","subject-12","Basic",0,2,1,3,1,5,5,4,2.5
12,3,"R_31BNkADwDxYSvk2",2023-10-25 14:03:59,2023-10-25 15:03:08,0,100,3549,1,2023-10-25 15:03:09,"anonymous","EN","Chrome","117.0.0.0","Windows NT 10.0","1366x768",1,1,"bowl",4,6,"sos",2,1,1,2,5,3,2,NA,2,NA,1,5,1,5,2,1,5,5,1,3,5,1,6,30,2,"MC1A",5,"https://moderated.jitsi.net/4341837e414744a58e7af2d844c5ea376a771752358d41aba906076eaaf32e14","https://meet.jit.si/moderated/a4d6829cc04aa5a3ac2d853dde6284213ad85baba0ec14a461483857f0dbf4b4","https://samgu.eu.qualtrics.com/jfe/form/SV_3qiGGcxklub7Wia","subject-12","Basic",0,1,1,1.16666666666667,1,5,5,4,1.5
12,4,"R_3QDKboNyjgSAVC6",2023-10-25 15:18:08,2023-10-25 16:08:32,0,100,3023,1,2023-10-25 16:08:32,"anonymous","EN","Chrome","118.0.0.0","Windows NT 10.0","1920x1080",1,2,"bowl",6,6,"SOS",5,4,4,5,3,4,1,"The strategy was to provide alibies and my factual movements in the building",2,NA,4,1,4,1,4,4,4,1,1,3,4,1,7,28,1,"MC1A",1,"https://moderated.jitsi.net/4341837e414744a58e7af2d844c5ea376a771752358d41aba906076eaaf32e14","https://meet.jit.si/moderated/a4d6829cc04aa5a3ac2d853dde6284213ad85baba0ec14a461483857f0dbf4b4","https://samgu.eu.qualtrics.com/jfe/form/SV_1AGv5hmwy3ZFB4i","subject-12","Basic",0,5,5,4.33333333333333,5,5,5,4.33333333333333,4.5
13,1,"R_6DWVIn6OYmFqYeJ",2023-10-23 16:15:33,2023-10-23 17:10:14,0,100,3280,1,2023-10-23 17:10:15,"anonymous","EN","Chrome","118.0.0.0","Windows NT 10.0","1366x768",1,2,"bowl",5,5,"sos",2,2,2,2,3,5,2,NA,2,NA,4,3,4,4,4,4,4,3,2,1,5,3,1,26,1,"MC1A",1,"https://moderated.jitsi.net/c50a40c1897747338db45cf50d981a2ebb91c872d4f54ed0aaec2a7956a8c790","https://meet.jit.si/moderated/ee2e298ebbdc987a90ba7b51a0e0cd560ffd71ae8e5493af2566564548a2ea3d","https://samgu.eu.qualtrics.com/jfe/form/SV_1AGv5hmwy3ZFB4i","subject-13","SoS-Delay",0,3,2,3.5,3,4,3,3.33333333333333,2
13,2,"R_qyyA2rxBYrxqVhv",2023-10-23 17:34:51,2023-10-23 18:22:33,0,100,2861,1,2023-10-23 18:22:34,"anonymous","EN","Chrome","118.0.0.0","Windows NT 10.0","2560x1440",1,1,"bowl",4,5,"sos",5,3,2,4,4,6,1,"So I was basically focusing on the fact the the person who breached into the hospital was wearing a mask and a hood so there was no chance that that person's face coud've been captured on CCTV footage. I used the crowd it was there to confirm that I was visiting my other colleague because they wouldn't verify it (because of the crowd).",2,NA,4,3,4,3,4,3,4,3,2,2,5,3,6,24,1,"MC1A",4,"https://moderated.jitsi.net/c50a40c1897747338db45cf50d981a2ebb91c872d4f54ed0aaec2a7956a8c790","https://meet.jit.si/moderated/ee2e298ebbdc987a90ba7b51a0e0cd560ffd71ae8e5493af2566564548a2ea3d","https://samgu.eu.qualtrics.com/jfe/form/SV_8eSeuf91JiNTPzE","subject-13","SoS-Delay",0,3,3,3.5,3,4,3,3.5,3.5
13,3,"R_6WmwYoSbfOE8T5L",2023-10-30 16:10:40,2023-10-30 16:56:08,0,100,2728,1,2023-10-30 16:56:09,"anonymous","EN","Chrome","118.0.0.0","Windows NT 10.0","1536x864",1,2,"bowl",4,6,"sos",4,2,3,4,6,5,1,"I told the truth about everywhere I was and most of the things I did, but lied about what exactly I was doing and why I was doing those things. So that the evidence and footage wouldn't directly contradict my statement",2,NA,3,4,2,3,2,4,5,4,2,3,4,2,7,23,1,"MC2A",2,"https://moderated.jitsi.net/c50a40c1897747338db45cf50d981a2ebb91c872d4f54ed0aaec2a7956a8c790","https://meet.jit.si/moderated/ee2e298ebbdc987a90ba7b51a0e0cd560ffd71ae8e5493af2566564548a2ea3d","https://samgu.eu.qualtrics.com/jfe/form/SV_9mn8ojG9nl7lsii","subject-13","SoS-Delay",1,2,3,2.66666666666667,2,4,4,3.66666666666667,3.25
13,4,"R_2l4SAOis1xUzCmd",2023-10-30 17:44:56,2023-10-30 18:50:41,0,100,3944,1,2023-10-30 18:50:42,"anonymous","EN","Chrome","118.0.0.0","Windows NT 10.0","1366x768",1,1,"bowl",6,5,"SOS",4,1,2,4,7,6,1,"I just denied to most of the things she asked and stayed clam. I create a story which sounds like a normal story that friends meeting in the cafeteria.",1,"I did. I was planning to say that I was only at the cafeteria with the friend but later added that also went to the basement with the friend saying that she was having some wok there. As I remember seeing someone with the person recording the video. The interviewer mention seeing the CCTV footage of me walking and that caught me off and I just mention the basement point.",4,5,2,5,4,2,4,5,1,4,5,4,7,31,2,"MC1A",5,"https://moderated.jitsi.net/c50a40c1897747338db45cf50d981a2ebb91c872d4f54ed0aaec2a7956a8c790","https://meet.jit.si/moderated/ee2e298ebbdc987a90ba7b51a0e0cd560ffd71ae8e5493af2566564548a2ea3d","https://samgu.eu.qualtrics.com/jfe/form/SV_3qiGGcxklub7Wia","subject-13","SoS-Delay",1,1,1,2.33333333333333,1,5,2,3.5,2.75
14,1,"R_VRy4rFYG6cnbDs5",2023-10-26 13:18:35,2023-10-26 13:54:21,0,100,2146,1,2023-10-26 13:54:22,"anonymous","EN","Chrome","112.0.0.0","Windows NT 10.0","1280x720",1,2,"bowl",7,7,"sos",5,4,4,5,2,6,1,"I wanted to ensure I had no link to any big corporation and made sure It was clear that my technology knowledge was limited. I wanted to distance myself from any relation to the business I committed my crime in. I wanted to make sure that I had a reason for looking around a location trying to find my friend in case i had been seen on any cameras whilst carrying out my mission.",2,"I didn't change my strategy",4,2,4,2,5,3,5,4,1,2,5,1,7,39,2,"MC3A",2,"https://moderated.jitsi.net/f764de97361b47b48610b92180f436a8c7725242238a42cdae3ac8b3f42c762a","https://meet.jit.si/moderated/5997171a9384ed9ab598a7bd8a342aa3d97a913fb5f355d4f3e0120a51f47b5c","https://samgu.eu.qualtrics.com/jfe/form/SV_9mn8ojG9nl7lsii","subject-14","SoS-Delay",0,4,4,4,2,5,5,4,4.5
14,2,"R_3oBAVib1yISOhz8",2023-10-26 14:35:40,2023-10-26 15:12:18,0,100,2197,1,2023-10-26 15:12:18,"anonymous","EN","Chrome","116.0.0.0","Windows NT 10.0","1920x1080",1,1,"bowl",4,5,"sos",2,4,2,3,1,5,2,NA,1,"I started saying that I knew people in the builiding but then I though it was dangerous so I say that I used to meet people there but not anymore.",4,3,4,2,4,3,3,3,1,2,3,2,4,46,2,"MC1A",5,"https://moderated.jitsi.net/f764de97361b47b48610b92180f436a8c7725242238a42cdae3ac8b3f42c762a","https://meet.jit.si/moderated/5997171a9384ed9ab598a7bd8a342aa3d97a913fb5f355d4f3e0120a51f47b5c","https://samgu.eu.qualtrics.com/jfe/form/SV_3qiGGcxklub7Wia","subject-14","SoS-Delay",0,3,4,3.66666666666667,3,5,4,3.33333333333333,2.75
14,3,"R_2pLDQkxajiFJCrz",2023-10-31 13:10:11,2023-10-31 13:47:44,0,100,2252,1,2023-10-31 13:47:44,"anonymous","EN","Firefox","119.0","Windows NT 10.0","1707x1067",1,1,"bowl",3,6,"sos",2,2,1,2,6,3,2,NA,1,"She had more information than I expected, so I was struggling quite a bit to convince her in any way. But since I didn't really have a strategy to start with, I had to just improvise.",4,3,2,5,4,4,5,2,1,4,5,1,7,29,1,"MC1A",1,"https://moderated.jitsi.net/f764de97361b47b48610b92180f436a8c7725242238a42cdae3ac8b3f42c762a","https://meet.jit.si/moderated/5997171a9384ed9ab598a7bd8a342aa3d97a913fb5f355d4f3e0120a51f47b5c","https://samgu.eu.qualtrics.com/jfe/form/SV_9LfHMv2hMJjDXmK","subject-14","SoS-Delay",1,3,1,3,4,5,5,4.66666666666667,1.75
14,4,"R_2BbXqTSdaEBuBFb",2023-10-31 14:09:15,2023-10-31 14:46:26,0,54,2230,0,2023-10-31 18:09:17,"anonymous","EN","Edge","118.0.2088.76","Windows NT 10.0","1536x864",1,2,"bowl",5,6,NA,NA,NA,NA,NA,NA,NA,NA,NA,NA,NA,NA,NA,NA,NA,NA,NA,NA,NA,NA,NA,NA,NA,NA,NA,NA,"MC3A",3,"https://moderated.jitsi.net/f764de97361b47b48610b92180f436a8c7725242238a42cdae3ac8b3f42c762a","https://meet.jit.si/moderated/5997171a9384ed9ab598a7bd8a342aa3d97a913fb5f355d4f3e0120a51f47b5c","https://samgu.eu.qualtrics.com/jfe/form/SV_9LfHMv2hMJjDXmK","subject-14","SoS-Delay",1,NA,NA,NA,NA,NA,NA,NA,NA
15,1,"R_1DVmaD0uQSynRL7",2023-10-24 13:08:09,2023-10-24 14:06:58,0,100,3528,1,2023-10-24 14:06:59,"anonymous","EN","Chrome","118.0.0.0","Windows NT 10.0","1542x731",1,1,"bowl",4,5,"sos",3,2,1,3,1,4,2,"No strategy were implied",2,NA,3,5,2,4,3,2,NA,5,2,3,4,2,7,27,1,"MC1A",5,"https://moderated.jitsi.net/9390e3c79042459095f2393ac7d865b37a82f6a537234d65a1f3bb9ef64bbb34","https://meet.jit.si/moderated/9b554ce10d2ef98c2bf9ae2761835aff555be2c2b0fc2c9737fbaf122b35e927","https://samgu.eu.qualtrics.com/jfe/form/SV_3qiGGcxklub7Wia","subject-15","SoS",1,1,2,2.16666666666667,1,4,4,NA,2.25
15,2,"R_ylopwj1NOLlV2V3",2023-11-08 11:05:00,2023-11-08 11:57:31,0,100,3151,1,2023-11-08 11:57:32,"anonymous","EN","Chrome","119.0.0.0","Windows NT 10.0","1536x960",1,2,"bowl",4,3,"sos",2,2,2,3,6,6,1,"To have a simple storyline and deny everything else",2,"no",2,4,3,4,3,3,4,4,2,3,3,3,6,43,1,"MC1A",4,"https://moderated.jitsi.net/9390e3c79042459095f2393ac7d865b37a82f6a537234d65a1f3bb9ef64bbb34","https://meet.jit.si/moderated/9b554ce10d2ef98c2bf9ae2761835aff555be2c2b0fc2c9737fbaf122b35e927","https://samgu.eu.qualtrics.com/jfe/form/SV_8eSeuf91JiNTPzE","subject-15","SoS",1,2,2,2.5,2,4,3,3.16666666666667,2.25
15,3,"R_2ruNBQPP2Awf3uW",2023-11-08 12:04:27,2023-11-08 13:00:05,0,100,3338,1,2023-11-08 13:00:06,"anonymous","EN","Chrome","119.0.0.0","Windows NT 10.0","1920x1080",1,1,"bowl",2,5,"sos",1,2,2,2,5,3,2,NA,2,NA,3,4,5,2,5,5,5,5,1,2,4,1,5,29,3,"MC2A",2,"https://moderated.jitsi.net/9390e3c79042459095f2393ac7d865b37a82f6a537234d65a1f3bb9ef64bbb34","https://meet.jit.si/moderated/9b554ce10d2ef98c2bf9ae2761835aff555be2c2b0fc2c9737fbaf122b35e927","https://samgu.eu.qualtrics.com/jfe/form/SV_9mn8ojG9nl7lsii","subject-15","SoS",1,2,4,4,1,5,5,3.66666666666667,1.75
15,4,"R_1XPbS30EMAGfeQ9",2023-11-08 13:05:57,2023-11-08 13:55:21,0,100,2963,1,2023-11-08 13:55:22,"anonymous","EN","Safari","17.0","Macintosh","1440x900",1,1,"bowl",5,6,"sos",1,5,1,1,6,2,1,"I basically lied. I didn't try to explain anything. I just acted stupid and like I didn't know what I was doing there.",2,"I forgot some of the background info on myself so I just kept lying.",2,5,1,5,2,2,3,5,5,1,5,4,6,64,2,"MC1A",1,"https://moderated.jitsi.net/9390e3c79042459095f2393ac7d865b37a82f6a537234d65a1f3bb9ef64bbb34","https://meet.jit.si/moderated/9b554ce10d2ef98c2bf9ae2761835aff555be2c2b0fc2c9737fbaf122b35e927","https://samgu.eu.qualtrics.com/jfe/form/SV_1AGv5hmwy3ZFB4i","subject-15","SoS",1,1,1,1.5,1,1,2,2.16666666666667,2
16,1,"R_9X1bc45gVO6hxO9",2023-11-03 15:18:23,2023-11-03 16:04:41,0,100,2777,1,2023-11-03 16:04:42,"anonymous","EN","Chrome","103.0.0.0","Macintosh","1440x900",1,1,"bowl",5,6,"sos",4,1,2,4,5,5,1,"My strategy was to stay true to where I was because i thought there would be evidence but to have a reason as to why I was there and not give to many detailed specifics.",2,NA,4,3,4,4,4,2,5,2,1,4,4,1,7,29,2,"MC1A",5,NA,NA,"https://samgu.eu.qualtrics.com/jfe/form/SV_3qiGGcxklub7Wia","subject-16","Basic",0,3,2,3.16666666666667,4,5,5,4.5,2.75
16,2,"R_9uiMsOxKf8OiyM9",2023-11-03 16:30:07,2023-11-03 17:27:33,0,100,3445,1,2023-11-03 17:27:33,"anonymous","EN","Chrome","118.0.0.0","Windows NT 10.0","1536x864",1,1,"bowl",4,7,"sos",2,2,2,3,3,5,2,NA,2,NA,2,5,2,5,4,2,5,4,2,2,5,1,6,28,1,"MC1A",4,NA,NA,"https://samgu.eu.qualtrics.com/jfe/form/SV_8eSeuf91JiNTPzE","subject-16","Basic",0,1,1,2,2,4,5,3.83333333333333,2.25
16,3,"R_3G7DNFAbnV16n6t",2023-11-10 15:12:39,2023-11-10 16:02:13,0,100,2974,1,2023-11-10 16:02:14,"anonymous","EN","Edge","119.0.0.0","Windows NT 10.0","1536x864",1,1,"bowl",3,5,"sos",2,3,2,2,1,7,1,"I tried making up a scenario where I was looking for a job inside the building and I went around it",2,NA,4,3,4,2,4,4,4,2,1,3,4,3,7,19,1,"MC1A",6,NA,NA,"https://samgu.eu.qualtrics.com/jfe/form/SV_2f886gyotJ1bB5A","subject-16","Basic",0,3,4,3.83333333333333,4,5,3,3.83333333333333,2.25
16,4,"R_1NzCCRJuW7A8Lwr",2023-11-10 16:17:26,2023-11-10 17:09:08,0,100,3102,1,2023-11-10 17:09:09,"anonymous","EN","Firefox","119.0","Windows NT 10.0","1366x768",1,1,"bowl",2,6,"sos",4,3,1,4,3,3,1,"admitting i was going to meet Timothy, and that i've been to some floors in the building, but never reveal too much details, just general informations",2,NA,5,2,4,3,4,4,5,4,2,4,3,1,6,50,1,"MC1A",1,NA,NA,"https://samgu.eu.qualtrics.com/jfe/form/SV_1AGv5hmwy3ZFB4i","subject-16","Basic",0,4,3,4,2,4,5,3.83333333333333,3
17,1,"R_eJ5zizl4TYYHhn3",2023-11-02 13:52:46,2023-11-02 14:45:14,0,100,3148,1,2023-11-02 14:45:15,"anonymous","EN","Chrome","118.0.0.0","Windows NT 10.0","1280x720",1,1,"bowl",6,7,"Sos",4,4,1,4,6,7,1,"My strategy was to provide a valid reason as to why I was in the building and browsing around and since the building has a gym I wanted to convince the interviewer that I was invited to the gym but was unable to find it hence why I was through the whole building. I also tried to move the suspicion from myself to their own employees.",2,"I kept to my plan.",5,1,4,3,5,3,3,5,3,3,4,2,7,26,1,"MC1A",5,NA,NA,"https://samgu.eu.qualtrics.com/jfe/form/SV_3qiGGcxklub7Wia","subject-17","SoS-Delay",0,5,3,4.16666666666667,1,3,4,3,3.25
17,2,"R_vSQcEdva00mXIpX",2023-11-02 14:58:37,2023-11-02 15:38:35,0,54,2397,0,2023-11-02 18:58:39,"anonymous","EN","Chrome","118.0.0.0","Windows NT 10.0","1920x1080",1,1,"bowl",7,7,NA,NA,NA,NA,NA,NA,NA,NA,NA,NA,NA,NA,NA,NA,NA,NA,NA,NA,NA,NA,NA,NA,NA,NA,NA,NA,"MC1A",6,NA,NA,"https://samgu.eu.qualtrics.com/jfe/form/SV_2f886gyotJ1bB5A","subject-17","SoS-Delay",0,NA,NA,NA,NA,NA,NA,NA,NA
17,3,"R_3rZwsEqI8RvwYGl",2023-11-07 16:17:04,2023-11-07 16:57:25,0,100,2420,1,2023-11-07 16:57:25,"anonymous","EN","Chrome","119.0.0.0","Windows NT 10.0","1920x1080",1,2,"bowl",6,7,"SOS",4,1,2,4,5,6,2,"No strategy I just winged it",1,"At first, I was going to deny everything but then he asked specific questions and he told me that he saw me on CCTV so I knew I had to change strategy and just basically told him my memory was not good.",5,2,4,2,4,4,4,4,1,3,4,1,7,60,2,"MC3A",3,NA,NA,"https://samgu.eu.qualtrics.com/jfe/form/SV_9LfHMv2hMJjDXmK","subject-17","SoS-Delay",1,4,4,4.16666666666667,2,5,5,3.83333333333333,2.75
17,4,"R_2Cq3BjUgok59XHU",2023-11-07 17:09:12,2023-11-07 17:48:30,0,100,2358,1,2023-11-07 17:48:31,"anonymous","EN","Chrome","118.0.0.0","Windows NT 10.0","1920x1080",1,2,"bowl",7,7,"sos",5,5,1,5,1,1,1,"I believe that the less details the better, I believe the best strategy is a denied response. There is no evidence and no one seen me so there is no proof.",2,"I did not.",5,1,5,1,5,4,2,4,5,1,5,4,7,39,1,"MC1A",4,NA,NA,"https://samgu.eu.qualtrics.com/jfe/form/SV_8eSeuf91JiNTPzE","subject-17","SoS-Delay",1,5,5,4.83333333333333,2,1,2,2.16666666666667,4
18,1,"R_3j2woFyyJvtWcVA",2023-10-31 09:20:07,2023-10-31 10:14:04,0,100,3237,1,2023-10-31 10:14:05,"anonymous","EN","Chrome","118.0.0.0","Macintosh","1440x900",1,1,"bowl",4,5,"sos",4,2,1,2,6,5,1,"give little information so i could not contradict myself. make myself seem as oblivious and naive as possible.",2,NA,4,5,4,2,4,5,5,5,2,3,5,2,7,24,2,"MC3A",3,NA,NA,"https://samgu.eu.qualtrics.com/jfe/form/SV_9LfHMv2hMJjDXmK","subject-18","SoS",1,1,4,3.66666666666667,1,4,4,3.66666666666667,2.25
18,2,"R_1dbscCOhOKSJ87t",2023-10-31 10:44:38,2023-10-31 11:33:33,0,100,2934,1,2023-10-31 11:33:33,"anonymous","EN","Chrome","118.0.0.0","Windows NT 10.0","1920x1080",1,1,"bowl",5,7,"sos",3,4,2,3,5,3,2,"I had no particular 'strategy' at all. I just 'went by' and went through with the flow.",2,"I never had any strategy to begin with, i just went through with the flow as mentioned before.",4,2,4,2,4,4,3,2,2,2,5,2,6,31,1,"MC1A",5,NA,NA,"https://samgu.eu.qualtrics.com/jfe/form/SV_3qiGGcxklub7Wia","subject-18","SoS",1,4,4,4,4,4,4,3.66666666666667,3
18,3,"R_2djceDA7fTwh6GQ",2023-11-02 13:27:45,2023-11-02 14:19:07,0,100,3082,1,2023-11-02 14:19:08,"anonymous","EN","Chrome","118.0.0.0","Windows NT 10.0","1920x1080",1,1,"bowl",6,7,"sos",3,1,1,3,7,6,1,"Decided that I was going to give a very generic alibi and made the rest up as I went along.",1,"After I started realizing they had everything on CCTV footage, a lot of my initial lies fell apart and I had to come up with reasons and explain things away as being stupid.",2,5,3,5,3,3,4,4,3,3,5,3,7,21,1,"MC1A",4,NA,NA,"https://samgu.eu.qualtrics.com/jfe/form/SV_8eSeuf91JiNTPzE","subject-18","SoS",1,1,1,2.16666666666667,2,3,3,3.33333333333333,2
18,4,"R_2eUKiRIkb4GHWeh",2023-11-02 14:46:41,2023-11-02 15:55:11,0,100,4109,1,2023-11-02 15:55:12,"anonymous","EN","Chrome","118.0.0.0","Windows NT 10.0","1366x768",1,2,"Bowl",7,7,"sos",5,4,2,5,7,5,1,"My strategy was to give the interviewer answers they already knew without incriminating my boss.",2,"I didn't feel the need to change it",5,4,5,1,4,4,5,5,2,2,5,1,7,33,2,"MC1A",6,NA,NA,"https://samgu.eu.qualtrics.com/jfe/form/SV_2f886gyotJ1bB5A","subject-18","SoS",1,2,5,4.16666666666667,1,4,5,3.66666666666667,4
19,1,"R_sUsvPW401qVHxw5",2023-10-31 16:16:04,2023-10-31 16:59:34,0,100,2610,1,2023-10-31 16:59:34,"anonymous","EN","Chrome","118.0.0.0","Windows NT 10.0","1920x1080",1,2,"bowl",3,4,"sos",2,2,1,2,6,3,2,"I just tried to look innocent by claiming that person wasn't at all me",1,"Yes, once the interviewer told me they had CCTV footage I started claiming that it was not me the one in there",2,4,1,5,3,2,3,4,2,3,4,2,7,24,1,"MC3A",3,NA,NA,"https://samgu.eu.qualtrics.com/jfe/form/SV_9LfHMv2hMJjDXmK","subject-19","SoS",1,2,1,1.83333333333333,2,4,4,3.33333333333333,1.75
19,2,"R_C2NrhqXaNuOTTQB",2023-10-31 17:19:32,2023-10-31 18:48:19,0,100,5327,1,2023-10-31 18:48:19,"anonymous","EN","Chrome","118.0.0.0","Windows NT 10.0","1366x768",1,2,"bowl",7,7,"sos",4,5,4,5,5,2,1,"I give as little information as possible about my activities while also pointing out things about the environment i liked since it was my first visit to the place.",2,NA,4,1,5,2,5,5,4,2,1,3,5,1,7,36,1,"MC1A",6,NA,NA,"https://samgu.eu.qualtrics.com/jfe/form/SV_2f886gyotJ1bB5A","subject-19","SoS",1,5,4,4.66666666666667,4,5,5,4.33333333333333,4.5
19,3,"R_AGv0EeizJ7u0XAt",2023-11-09 16:23:25,2023-11-09 17:05:45,0,100,2539,1,2023-11-09 17:05:46,"anonymous","EN","Chrome","119.0.0.0","Windows NT 10.0","1366x768",1,2,"bowl",7,7,"SOS",5,5,2,5,2,3,1,"I just told the interviewer that i only know a couple of people that work at the company",2,NA,5,1,5,1,5,4,5,5,1,1,5,2,7,22,1,"MC1A",5,NA,NA,"https://samgu.eu.qualtrics.com/jfe/form/SV_3qiGGcxklub7Wia","subject-19","SoS",1,5,5,4.83333333333333,1,5,4,3.5,4.25
19,4,"R_2B4ooCbeQHsCLEv",2023-11-09 17:30:22,2023-11-09 18:09:56,0,100,2373,1,2023-11-09 18:09:56,"anonymous","EN","Chrome","118.0.0.0","Windows NT 10.0","1280x720",1,1,"bowl",2,6,"sos",3,3,4,3,4,5,1,"I made up a story about meeting with my friend for lunch, but it wasn't very comprehensive. I just needed an excuse for being in the building.",2,NA,3,4,2,3,3,2,4,2,2,4,4,2,5,25,2,"MC2A",2,NA,NA,"https://samgu.eu.qualtrics.com/jfe/form/SV_9mn8ojG9nl7lsii","subject-19","SoS",1,2,3,2.5,4,4,4,4,3.25
2,1,"R_1gLSJQnryqXn50c",2023-09-16 13:29:04,2023-09-16 13:59:15,0,100,1810,1,2023-09-16 13:59:16,"anonymous","EN","Chrome","116.0.0.0","Macintosh","1440x900",1,2,"bowl",5,7,"sos",4,4,5,4,2,6,1,"I just tried to leave out the parts that would be really really suspicious and described the rest of the day with confidence",2,NA,4,3,4,1,4,4,4,2,1,4,4,1,7,21,1,"MC2A",2,"https://moderated.jitsi.net/8e92930cb8be404f928188c781218b593bfa997377b14d73a7f1f285538678d2","https://meet.jit.si/moderated/409a3004f6c728a758e1d0a87dd96c1f46adebc4b68f79adf4a013ba48b37ff0","https://samgu.eu.qualtrics.com/jfe/form/SV_9mn8ojG9nl7lsii","subject-2","Basic",0,3,5,4,4,5,5,4.33333333333333,4.25
2,2,"R_1fee1pIi1llOwjZ",2023-09-16 15:03:28,2023-09-16 15:56:16,0,100,3168,1,2023-09-16 15:56:18,"anonymous","EN","Chrome","116.0.0.0","Windows NT 10.0","1536x864",1,1,"bowl",2,6,"sos",4,4,2,4,2,5,1,"Trying to avoid mentioning the places that I had been when comitting the crime.",2,NA,5,2,5,1,5,4,5,2,1,3,5,2,6,21,2,"MC1A",4,"https://moderated.jitsi.net/8e92930cb8be404f928188c781218b593bfa997377b14d73a7f1f285538678d2","https://meet.jit.si/moderated/409a3004f6c728a758e1d0a87dd96c1f46adebc4b68f79adf4a013ba48b37ff0","https://samgu.eu.qualtrics.com/jfe/form/SV_8eSeuf91JiNTPzE","subject-2","Basic",0,4,5,4.66666666666667,4,5,4,4.33333333333333,3.5
2,3,"R_25yYOxqbf8xWE62",2023-09-17 10:11:12,2023-09-17 10:50:56,0,100,2383,1,2023-09-17 10:50:56,"anonymous","EN","Chrome","116.0.0.0","Windows NT 10.0","1366x768",1,2,"bowl",7,7,"sos",4,4,5,4,4,5,2,NA,2,NA,5,1,5,1,4,5,5,1,3,4,3,1,6,32,1,"MC1A",5,"https://moderated.jitsi.net/8e92930cb8be404f928188c781218b593bfa997377b14d73a7f1f285538678d2","https://meet.jit.si/moderated/409a3004f6c728a758e1d0a87dd96c1f46adebc4b68f79adf4a013ba48b37ff0","https://samgu.eu.qualtrics.com/jfe/form/SV_3qiGGcxklub7Wia","subject-2","Basic",0,5,5,4.83333333333333,5,3,5,4.16666666666667,4.25
2,4,"R_2YRQgHicnOMolFg",2023-09-17 11:08:59,2023-09-17 11:56:26,0,100,2846,1,2023-09-17 11:56:27,"anonymous","EN","Chrome","116.0.0.0","CrOS x86_64 14541.0.0","1280x720",1,1,"bowl",6,5,"SOS",5,5,5,5,1,1,1,"I told the interviewer that Timothy Luke is one of the friends I went out with last night. I want to make the interviewer think that I will be the last to do harm to him by making her think that he is one of my friends.However, I do not like her to think that I am checking on him when I said I did not noticed him and did not try to look for him when I did not see him at the 4th floor. Because looking for him on that particular time when an incident happened would be suspicious.",2,NA,4,2,5,1,5,5,4,1,1,3,2,1,7,53,1,"MC1A",1,"https://moderated.jitsi.net/8e92930cb8be404f928188c781218b593bfa997377b14d73a7f1f285538678d2","https://meet.jit.si/moderated/409a3004f6c728a758e1d0a87dd96c1f46adebc4b68f79adf4a013ba48b37ff0","https://samgu.eu.qualtrics.com/jfe/form/SV_1AGv5hmwy3ZFB4i","subject-2","Basic",0,4,5,4.66666666666667,5,5,5,4,5
2,5,"R_vqseTn7hwQ6MqtP",2023-09-17 13:02:14,2023-09-17 13:40:05,0,100,2271,1,2023-09-17 13:40:06,"anonymous","EN","Chrome","117.0.0.0","Windows NT 10.0","1920x1080",1,1,"bowl",2,6,"sos",4,4,5,5,2,4,1,"My strategy was to give a motivation for why I was in the building in the first place and give an account that matched up with my activity halfway through, I completely omitted the rest (installing spyware, placing the bug). I said that the phone i picked up in room 540 on the 5th floor was a phone I had left by mistake, and then I was gonna be on my way out but a supposed colleague of mine texted me to wait for them, so I waited in the basement; after that I was supposed to be on my way out but I was stopped by the security guard.",2,NA,4,4,2,3,3,3,4,1,1,3,3,1,5,19,1,"MC3A",3,"https://moderated.jitsi.net/8e92930cb8be404f928188c781218b593bfa997377b14d73a7f1f285538678d2","https://meet.jit.si/moderated/409a3004f6c728a758e1d0a87dd96c1f46adebc4b68f79adf4a013ba48b37ff0","https://samgu.eu.qualtrics.com/jfe/form/SV_9LfHMv2hMJjDXmK","subject-2","Basic",0,2,3,2.83333333333333,5,5,5,4.16666666666667,4.5
2,6,"R_3NDP3Xd7b8qGt26",2023-09-17 13:41:33,2023-09-17 14:14:53,0,100,1999,1,2023-09-17 14:14:54,"anonymous","EN","Edge","116.0.1938.81","Windows NT 10.0","1536x864",1,2,"bowl",7,7,"sos",5,4,5,5,1,3,1,"My strategy consisted in mapping out a believable plan for my activities during the day. As I am a student and since the building contains a library, my story was built around that.",2,NA,4,2,4,3,4,4,5,1,1,5,4,1,7,25,1,"MC1A",6,"https://moderated.jitsi.net/8e92930cb8be404f928188c781218b593bfa997377b14d73a7f1f285538678d2","https://meet.jit.si/moderated/409a3004f6c728a758e1d0a87dd96c1f46adebc4b68f79adf4a013ba48b37ff0","https://samgu.eu.qualtrics.com/jfe/form/SV_2f886gyotJ1bB5A","subject-2","Basic",0,4,3,3.83333333333333,5,5,5,4.83333333333333,4.75
20,1,"R_1mWrqueO8femW0F",2023-11-09 13:27:54,2023-11-09 14:22:09,0,100,3254,1,2023-11-09 14:22:10,"anonymous","EN","Edge","119.0.0.0","Windows NT 10.0","1366x768",1,1,"bowl",5,5,"SOS",5,4,4,2,2,3,2,NA,2,NA,4,2,4,3,4,4,4,3,1,3,4,2,7,23,1,"MC1A",1,NA,NA,"https://samgu.eu.qualtrics.com/jfe/form/SV_1AGv5hmwy3ZFB4i","subject-20","SoS-Delay",0,4,3,3.83333333333333,3,5,4,3.83333333333333,3.75
20,2,"R_sMWF2KcOKZh5QwF",2023-11-09 15:27:46,2023-11-09 16:21:54,0,100,3248,1,2023-11-09 16:21:54,"anonymous","EN","Chrome","119.0.0.0","Windows NT 10.0","1536x864",1,1,"bowl",4,7,"sos",2,2,1,3,1,7,1,"Being a simple housewive.",2,NA,5,1,5,1,5,5,5,1,1,4,5,1,7,58,2,"MC2A",2,NA,NA,"https://samgu.eu.qualtrics.com/jfe/form/SV_9mn8ojG9nl7lsii","subject-20","SoS-Delay",0,5,5,5,5,5,5,4.83333333333333,2
20,3,"R_1HctvmHBqHsDMOH",2023-11-13 16:44:45,2023-11-13 17:36:58,0,100,3133,1,2023-11-13 17:36:59,"anonymous","EN","Edge","119.0.0.0","Windows NT 10.0","1366x768",1,2,"bowl",7,7,"sos",4,4,2,4,5,5,1,"I do some acting",2,"I did not change",2,4,3,3,4,3,4,4,2,2,5,1,7,70,2,"MC1A",4,NA,NA,"https://samgu.eu.qualtrics.com/jfe/form/SV_8eSeuf91JiNTPzE","subject-20","SoS-Delay",1,2,3,2.83333333333333,2,4,5,3.66666666666667,3.5
20,4,"R_3DikrXIuipTvM2z",2023-11-13 17:45:54,2023-11-13 18:25:10,0,100,2355,1,2023-11-13 18:25:11,"anonymous","EN","Chrome","119.0.0.0","Windows NT 10.0","1536x864",1,2,"bowl",4,6,"sos",4,3,2,4,4,5,1,"I tried to recall specific details that lined up with any sort of evidence they might have had regarding my activities there. I was thrown for a loop at first because I did not think of the idea of CCTV footage. And honestly, if they had footage of my dealings, I would have looked suspiscious.",1,"I needed to account for CCTV footage that might be present.",3,4,4,3,4,3,5,4,4,3,4,3,7,39,1,"MC1A",6,NA,NA,"https://samgu.eu.qualtrics.com/jfe/form/SV_2f886gyotJ1bB5A","subject-20","SoS-Delay",1,2,3,3.16666666666667,2,2,3,3.16666666666667,3.25
21,1,"R_2czOMDOQycF55SQ",2023-11-06 14:18:17,2023-11-06 15:04:36,0,100,2778,1,2023-11-06 15:04:37,"anonymous","EN","Chrome","118.0.0.0","Windows NT 10.0","1536x864",1,1,"bowl",6,6,"sos",4,4,2,4,2,6,2,NA,1,"I would shift attention to other events that occurred on the same day.",5,2,4,1,5,5,4,2,1,3,5,1,6,26,1,"MC1A",4,NA,NA,"https://samgu.eu.qualtrics.com/jfe/form/SV_8eSeuf91JiNTPzE","subject-21","Basic",0,4,5,4.66666666666667,4,5,5,4.33333333333333,3.5
21,2,"R_2Tn2eJu4sX5JuDV",2023-11-06 15:39:57,2023-11-06 16:12:01,0,100,1924,1,2023-11-06 16:12:02,"anonymous","EN","Chrome","119.0.0.0","Windows NT 10.0","1922x975",1,1,"bowl",3,5,"sos",2,3,2,2,2,5,1,"Make out I was just visiting a friend and stick to that info.",2,NA,3,3,2,3,4,2,2,3,2,2,3,2,5,48,1,"MC3A",3,NA,NA,"https://samgu.eu.qualtrics.com/jfe/form/SV_9LfHMv2hMJjDXmK","subject-21","Basic",0,3,3,2.83333333333333,3,4,4,3,2.25
21,3,"R_3pmRiBrBcM3Usjc",2023-11-10 10:14:05,2023-11-10 11:02:04,0,100,2879,1,2023-11-10 11:02:05,"anonymous","EN","Chrome","118.0.0.0","Windows NT 10.0","1600x900",1,1,"bowl",6,6,"SOS",5,5,3,5,5,6,2,NA,2,NA,4,4,4,4,4,4,4,4,4,4,4,4,5,61,2,"MC1A",1,NA,NA,"https://samgu.eu.qualtrics.com/jfe/form/SV_1AGv5hmwy3ZFB4i","subject-21","Basic",0,2,2,3.33333333333333,2,2,2,3,4.5
21,4,"R_3fDW6uKAFyg8d6y",2023-11-10 11:37:29,2023-11-10 12:17:05,0,100,2376,1,2023-11-10 12:17:06,"anonymous","EN","Chrome","119.0.0.0","Macintosh","1440x900",1,2,"bowl",1,3,"sos",1,1,2,1,1,4,2,NA,2,NA,1,3,1,5,3,1,3,3,1,3,3,1,5,30,2,"MC1A",6,NA,NA,"https://samgu.eu.qualtrics.com/jfe/form/SV_2f886gyotJ1bB5A","subject-21","Basic",0,3,1,1.66666666666667,3,5,5,3.66666666666667,1.25
22,1,"R_bOysPSe2IQo3lhD",2023-11-14 16:35:39,2023-11-14 16:43:41,0,38,481,0,2023-11-14 20:36:03,"anonymous","EN","Safari","16.5","Macintosh","810x1080",1,2,"bowl",NA,NA,NA,NA,NA,NA,NA,NA,NA,NA,NA,NA,NA,NA,NA,NA,NA,NA,NA,NA,NA,NA,NA,NA,NA,NA,NA,NA,"MC1A",1,NA,NA,"https://samgu.eu.qualtrics.com/jfe/form/SV_1AGv5hmwy3ZFB4i","subject-22","SoS-Delay",0,NA,NA,NA,NA,NA,NA,NA,NA
22,2,"R_1N47U9DCJiELkpr",2023-11-14 18:07:28,2023-11-14 18:51:18,0,100,2630,1,2023-11-14 18:51:19,"anonymous","EN","Chrome","109.0.0.0","Windows NT 10.0","1366x768",1,2,"bowl",3,3,"sos",2,2,2,3,1,6,1,"I tried to keep the same story throughout and I looked them in the eye. I was also quite nervous and kept fidgeting with my hands where they could not see, in order to keep myself calm",2,NA,2,4,2,4,5,4,3,5,3,1,4,3,7,29,2,"MC3A",3,NA,NA,"https://samgu.eu.qualtrics.com/jfe/form/SV_9LfHMv2hMJjDXmK","subject-22","SoS-Delay",0,2,2,2.83333333333333,1,3,3,2.5,2.25
22,3,"R_2OMBwk6zEcfgH0I",2023-11-21 16:43:09,2023-11-21 17:28:09,0,100,2700,1,2023-11-21 17:28:10,"anonymous","EN","Chrome","119.0.0.0","Windows NT 10.0","1536x864",1,1,"bowl",5,7,"sos",4,1,1,4,6,6,2,"I didn`t, but I tried to use as much true information as possible so I can make a story",2,"At some point I was thinking that probably I had to make everything up but it was too late for that",4,1,4,5,4,5,4,5,1,4,5,1,6,38,2,"MC1A",4,NA,NA,"https://samgu.eu.qualtrics.com/jfe/form/SV_8eSeuf91JiNTPzE","subject-22","SoS-Delay",1,5,1,3.83333333333333,1,5,5,4,2.5
22,4,"R_2q1Op9UQ2bnCDQU",2023-11-21 17:35:26,2023-11-21 18:27:35,0,38,3129,0,2023-11-21 21:35:28,"anonymous","EN","Edge","119.0.0.0","Windows NT 10.0","1920x1080",1,1,"bowl",NA,NA,NA,NA,NA,NA,NA,NA,NA,NA,NA,NA,NA,NA,NA,NA,NA,NA,NA,NA,NA,NA,NA,NA,NA,NA,NA,NA,"MC1A",5,NA,NA,"https://samgu.eu.qualtrics.com/jfe/form/SV_3qiGGcxklub7Wia","subject-22","SoS-Delay",1,NA,NA,NA,NA,NA,NA,NA,NA
23,1,"R_8AOcLQrPUwBI9wJ",2023-11-15 13:19:51,2023-11-15 14:04:02,0,100,2650,1,2023-11-15 14:04:03,"anonymous","EN","Chrome","119.0.0.0","Windows NT 10.0","1366x768",1,2,"bowl",2,6,"sos",1,1,1,1,6,2,1,"I had a story that was convincing I just did not consider the CCTV watching me when I was in the building so I tried to improvise with little luck I believe.",1,"I had to try to come up with a different take and convince the interviewer there was another person that looked like me.",1,4,1,5,1,2,4,5,4,2,5,4,7,31,1,"MC3A",3,NA,NA,"https://samgu.eu.qualtrics.com/jfe/form/SV_9LfHMv2hMJjDXmK","subject-23","SoS",1,2,1,1.33333333333333,1,2,2,2.66666666666667,1
23,2,"R_3pfoxCxJnxEQ5SM",2023-11-15 14:10:58,2023-11-15 14:54:04,0,100,2585,1,2023-11-15 14:54:05,"anonymous","EN","Chrome","119.0.0.0","Windows NT 10.0","1366x768",1,1,"bowl",1,1,"sos",1,1,2,1,7,2,2,"I'm bad, couldnt convince Tiffany.",2,"I had to stand my ground",5,4,2,5,5,2,5,5,2,1,5,4,7,29,2,"MC1A",6,NA,NA,"https://samgu.eu.qualtrics.com/jfe/form/SV_2f886gyotJ1bB5A","subject-23","SoS",1,2,1,2.83333333333333,1,4,2,3,1.25
23,3,"R_1Oxihc4ObyTk2sn",2023-11-16 13:27:19,2023-11-16 14:11:28,0,100,2648,1,2023-11-16 14:11:28,"anonymous","EN","Chrome","119.0.0.0","Windows NT 10.0","1366x768",1,2,"bowl",7,7,"sos",1,1,1,1,6,3,1,"I wanted to appear as na√Øve and perhaps even a little absurd. In that way, the interviewer would think that this person is not competent enough to complete such a well-timed and well thought out crime.",1,"Initially, I made it seem as if I was just in the cafeteria and reception area. However, when she pointed out CCTV footage I needed to just pretend that I was weirdly lurking around the hospital, to account for why I was on the other floors.",4,2,4,1,5,5,4,5,1,1,5,1,7,32,1,"MC1A",4,NA,NA,"https://samgu.eu.qualtrics.com/jfe/form/SV_8eSeuf91JiNTPzE","subject-23","SoS",1,4,5,4.5,1,5,5,3.5,1
23,4,"R_3RqNqHueh3OyCll",2023-11-16 14:29:29,2023-11-16 15:19:41,0,100,3011,1,2023-11-16 15:19:42,"anonymous","EN","Edge","119.0.0.0","Windows NT 10.0","1366x768",1,2,"bowl",5,5,"sos",3,3,3,3,7,7,2,NA,2,NA,4,3,4,4,4,3,4,4,3,3,3,3,6,26,1,"MC1A",5,NA,NA,"https://samgu.eu.qualtrics.com/jfe/form/SV_3qiGGcxklub7Wia","subject-23","SoS",1,3,2,3.33333333333333,2,3,3,3,3
24,1,"R_cUWJd3tZHkbRIgF",2023-11-17 08:19:07,2023-11-17 08:56:53,0,100,2266,1,2023-11-17 08:56:54,"anonymous","EN","Chrome","118.0.0.0","Windows NT 10.0","1366x768",1,2,"bowl",5,7,"SOS",4,2,3,4,2,6,2,NA,2,NA,4,2,4,2,5,4,3,4,2,2,5,3,7,23,1,"MC1A",1,NA,NA,"https://samgu.eu.qualtrics.com/jfe/form/SV_1AGv5hmwy3ZFB4i","subject-24","Basic",0,4,4,4.16666666666667,2,4,3,3.16666666666667,3.25
24,2,"R_2YR2HxOLbwvYgDR",2023-11-17 09:19:24,2023-11-17 10:23:38,0,100,3854,1,2023-11-17 10:23:39,"anonymous","EN","Edge","119.0.0.0","Windows NT 10.0","1366x768",1,1,"bowl",5,6,"sos",4,1,3,4,1,4,1,"my strategy was to be confident about my statement , and stick to what i said since i was in a building with many companies i used that as my advantage to stick to what i said",2,NA,5,1,4,3,5,5,3,4,2,3,4,4,7,24,1,"MC1A",4,NA,NA,"https://samgu.eu.qualtrics.com/jfe/form/SV_8eSeuf91JiNTPzE","subject-24","Basic",0,5,3,4.5,2,4,2,3,3
24,3,"R_10otdRyVXEHPcsh",2023-11-21 08:19:47,2023-11-21 09:09:45,0,100,2997,1,2023-11-21 09:09:45,"anonymous","EN","Chrome","116.0.0.0","Macintosh","1440x900",1,2,"bowl",4,7,"sos",5,2,2,5,1,7,1,"I chose to have my activities match up with why I was on each floor of the building by playing the I was lost card. Everyone gets lost at a building they are new at so there is no reason to doubt that",2,NA,4,2,5,2,5,5,5,4,1,2,5,1,6,29,2,"MC1A",5,NA,NA,"https://samgu.eu.qualtrics.com/jfe/form/SV_3qiGGcxklub7Wia","subject-24","Basic",0,4,4,4.5,2,5,5,4,3.5
24,4,"R_22nOuivLtwXxliU",2023-11-21 09:56:06,2023-11-21 10:34:09,0,100,2282,1,2023-11-21 10:34:10,"anonymous","EN","Firefox","119.0","Windows NT 10.0","1536x864",1,1,"bowl",5,7,"sos",2,2,1,2,6,3,2,"No real strategy as I did not know what kind of information interview had or did not have, so I just tried to improvise as the situation developed",1,"I changed my strategy because it seemed that the interviewer had concrete evidence of my activities, so I thought it would be very suspicious if I started denying everything. So I had to change my answers to make it seem that I misremembered things",2,4,1,4,2,2,4,5,1,1,4,2,7,26,1,"MC2A",2,NA,NA,"https://samgu.eu.qualtrics.com/jfe/form/SV_9mn8ojG9nl7lsii","subject-24","Basic",0,2,2,1.83333333333333,1,5,4,3.16666666666667,1.75
25,1,"R_z5MlDber1d5kq1b",2023-11-23 10:15:58,2023-11-23 11:14:39,0,100,3521,1,2023-11-23 11:14:40,"anonymous","EN","Chrome","119.0.0.0","Windows NT 10.0","1280x720",1,1,"bowl",7,6,"sos",4,4,3,5,5,6,1,"i just try my best to clear my name off the suspect list",2,NA,4,2,4,2,4,5,4,5,2,3,4,2,7,37,1,"MC1A",5,NA,NA,"https://samgu.eu.qualtrics.com/jfe/form/SV_3qiGGcxklub7Wia","subject-25","SoS",1,4,4,4.16666666666667,1,4,4,3.33333333333333,4
25,2,"R_29mt7ooK6Sv5oxf",2023-11-23 11:31:26,2023-11-23 12:28:54,0,100,3447,1,2023-11-23 12:28:54,"anonymous","EN","Safari","15.5","Macintosh","1440x900",1,1,"bowl",5,7,"sos",2,2,1,3,5,5,1,"My strategy was to say that I was looking for a friend to have a meeting/interview with, but unfortunately I was in the wrong building.",2,NA,4,2,3,3,3,3,3,4,2,3,5,2,6,28,1,"MC2A",2,NA,NA,"https://samgu.eu.qualtrics.com/jfe/form/SV_9mn8ojG9nl7lsii","subject-25","SoS",1,4,3,3.33333333333333,2,4,4,3.5,2
25,3,"R_2CVuIPd8r4Xb1tG",2023-11-23 14:22:01,2023-11-23 15:30:47,0,100,4125,1,2023-11-23 15:30:48,"anonymous","EN","Chrome","119.0.0.0","Windows NT 10.0","1920x1080",1,2,"bowl",5,6,"sos",2,1,1,4,2,3,1,"At first I tried to force an amount of time pressure by stating that I had a doctor's appointment to attend. This was to try and force them to rush through their questions and to not dwell on any of my answers for too long at a time. I brought this up again later while the interview was looking through their notes to try and create urgency and not allow them additional time to think.

I didn't want to lie completely to the interviewer as if they had concrete evidence that I had taken a particular action or been in a certain area they might have been able to catch me in a lie. I tried to give a little bit of truth in terms of certain areas that I had been, the basement, the balcony, the 5th floor, and tried to create a reasonable excuse for why I had been there. I also tried to remain vague and hazy in my memory about specific details so that if a line of questioning was followed up on I would be able to feign confusion or claim I had made a mistake.

I denied knowledge of technology and politics when asked, I felt this could be risky as it might raise suspicion slightly but alternatively, admitting to this could immediately put the interview into a guilty mindframe.

I promised to make myself available over the next few days and offered details that would take time to check, knowing that I would not be returning and that although my story may not hold up on further inspection, I may be believed to be innocent in the moment and so I would not be held immediately for further interrogation.",1,"When the interviewer seemed to be sceptical I tried to be even more friendly, appear even more ""open and honest"" , and take a bit more time over some answers to make it seem as if I was genuinely having to recollect something that didn't stand out as important in my mind.",4,2,3,4,3,4,4,5,3,4,5,2,6,34,1,"MC3A",3,NA,NA,"https://samgu.eu.qualtrics.com/jfe/form/SV_9LfHMv2hMJjDXmK","subject-25","SoS",1,4,2,3.33333333333333,1,3,4,3.5,2
25,4,"R_1CBis3jcFqKX0Wa",2023-11-23 15:46:07,2023-11-23 16:23:29,0,100,2242,1,2023-11-23 16:23:30,"anonymous","EN","Chrome","118.0.0.0","Windows NT 10.0","1536x864",1,1,"bowl",6,7,"sos",2,3,2,3,6,1,1,"My strategy was to not give the interviewer any additional information!",2,"My strategy didn't change, once I knew that I was a suspect and that the interviewer had CCTV video and eyewitness accounts of my being in the building, I shut down. I just became focused on not giving him anything that he would be able to use against me down the road...",2,5,2,3,1,2,3,3,2,2,5,2,7,44,1,"MC1A",1,NA,NA,"https://samgu.eu.qualtrics.com/jfe/form/SV_1AGv5hmwy3ZFB4i","subject-25","SoS",1,1,3,1.83333333333333,3,4,4,3.5,2.5
26,1,"R_1NwWml5hHqq9Le9",2023-11-17 08:28:41,2023-11-17 09:16:13,0,100,2852,1,2023-11-17 09:16:14,"anonymous","EN","Opera","104.0.0.0","Windows NT 10.0","1280x720",1,1,"bowl",5,5,"sos",5,4,4,5,1,4,1,"I had to come up with a story of me forgetting my laptop at work so that she can feel i was really supposed to be at the building at the time the so called security breech was discovered.",2,"I did not change my strategy at all.",5,1,5,1,5,5,5,1,1,4,5,1,7,37,2,"MC1A",4,NA,NA,"https://samgu.eu.qualtrics.com/jfe/form/SV_8eSeuf91JiNTPzE","subject-26","SoS-Delay",0,5,5,5,5,5,5,4.83333333333333,4.5
26,2,"R_zSY7gtuIbMR8ABH",2023-11-17 09:34:54,2023-11-17 10:09:24,0,100,2069,1,2023-11-17 10:09:25,"anonymous","EN","Chrome","119.0.0.0","Windows NT 10.0","1536x864",1,1,"bowl",7,7,"sos",4,2,4,4,1,5,1,"Act normal and try come across as worried and concerned on the situation",2,NA,3,1,4,1,4,5,5,1,1,3,4,1,7,32,2,"MC1A",1,NA,NA,"https://samgu.eu.qualtrics.com/jfe/form/SV_1AGv5hmwy3ZFB4i","subject-26","SoS-Delay",0,5,5,4.33333333333333,5,5,5,4.5,3.5
26,3,"R_3dDJihJocSmGZCL",2023-11-24 09:20:45,2023-11-24 10:30:24,0,100,4178,1,2023-11-24 10:30:25,"anonymous","EN","Chrome","119.0.0.0","Windows NT 10.0","1280x720",1,2,"bowl",1,7,"sos",3,3,2,4,7,6,1,"I resorted to acting like an agent of the law, who was there to enforce policy and regulation as opposed to someone who was up to commit acts of crime",2,NA,4,2,5,3,5,5,4,5,1,2,5,2,7,31,2,"MC3A",3,NA,NA,"https://samgu.eu.qualtrics.com/jfe/form/SV_9LfHMv2hMJjDXmK","subject-26","SoS-Delay",1,4,3,4.33333333333333,1,5,4,3.5,3
26,4,"R_2XbQQyneVDDRDrL",2023-11-24 10:48:20,2023-11-24 11:46:10,0,100,3470,1,2023-11-24 11:46:11,"anonymous","EN","Chrome","119.0.0.0","Windows NT 10.0","1366x768",1,2,"bowl",4,6,"sos",4,1,4,4,5,3,1,"I had to cook up a story that I was a plumber and became very consistent in telling that story",2,NA,4,2,5,4,5,5,4,5,1,1,5,2,7,31,1,"MC1A",6,NA,NA,"https://samgu.eu.qualtrics.com/jfe/form/SV_2f886gyotJ1bB5A","subject-26","SoS-Delay",1,4,2,4.16666666666667,1,5,4,3.33333333333333,3.25
27,1,"R_6JZsTLMWH3XCUYV",2023-11-20 16:20:57,2023-11-20 17:11:41,0,100,3043,1,2023-11-20 17:11:42,"anonymous","EN","Chrome","118.0.0.0","Windows NT 10.0","1366x768",1,2,"Bowl",6,7,"sos",4,4,4,5,7,1,1,"It was to give a solid alibi and stick to a very simplistic story. The setting of the scene was in an office block, where nothing particularly interesting happens. I had to assume the role of a normal, average office worker who is just there for his paycheck. I also had to make sure that I was not truly alone, so I had to make sure I had ""friends"" who could cover for me in case anything went wrong. It was easy to use my ""friends"" as a scapegoat for an alibi, as we are all socially awkward to a certain extent and we fit well within normal office employee expectations.",2,NA,4,2,5,1,5,5,4,4,1,2,5,1,7,22,1,"MC1A",1,NA,NA,"https://samgu.eu.qualtrics.com/jfe/form/SV_1AGv5hmwy3ZFB4i","subject-27","SoS-Delay",0,4,5,4.66666666666667,2,5,5,3.83333333333333,4.25
27,2,"R_1mQlphKgvGEKCN8",2023-11-20 17:37:08,2023-11-20 18:28:01,0,100,3053,1,2023-11-20 18:28:02,"anonymous","EN","Chrome","119.0.0.0","Windows NT 10.0","1920x1080",1,2,"bowl",4,7,"sos",5,5,2,4,3,2,1,"The devil is in the details, so I either said I can't recall details or gave them a lot of information, so they have difficulty figuring out which is what.",2,NA,4,3,4,1,1,3,5,1,1,1,3,1,5,29,1,"MC1A",6,NA,NA,"https://samgu.eu.qualtrics.com/jfe/form/SV_2f886gyotJ1bB5A","subject-27","SoS-Delay",0,3,5,3.33333333333333,5,5,5,4,4
27,3,"R_1pF1ZuzvB259o8B",2023-11-23 09:25:25,2023-11-23 10:20:58,0,100,3332,1,2023-11-23 10:20:59,"anonymous","EN","Chrome","119.0.0.0","Windows NT 10.0","1366x768",1,2,"bowl",7,7,"sos",4,4,4,4,7,5,1,"Knowing that the CCTV footage saw my movements I had to pretend that I was lost and naive as it was my first day on the job as an intern and it had been the first time making my way around the building seeking the HR Manager's office",2,NA,4,2,4,2,5,5,5,2,1,4,4,2,7,31,1,"MC2A",2,NA,NA,"https://samgu.eu.qualtrics.com/jfe/form/SV_9mn8ojG9nl7lsii","subject-27","SoS-Delay",1,4,4,4.33333333333333,4,5,4,4.33333333333333,4
27,4,"R_3MRmf7GUmBEvuTT",2023-11-23 10:31:37,2023-11-23 11:11:09,0,38,2371,0,2023-11-23 14:54:23,"anonymous","EN","Chrome","114.0.0.0","Macintosh","1366x768",1,1,"bowl",NA,NA,NA,NA,NA,NA,NA,NA,NA,NA,NA,NA,NA,NA,NA,NA,NA,NA,NA,NA,NA,NA,NA,NA,NA,NA,NA,NA,"MC1A",5,NA,NA,"https://samgu.eu.qualtrics.com/jfe/form/SV_3qiGGcxklub7Wia","subject-27","SoS-Delay",1,NA,NA,NA,NA,NA,NA,NA,NA
28,1,"R_1fecKvzdN9Yt9XM",2023-11-21 13:33:12,2023-11-21 14:20:45,0,100,2852,1,2023-11-21 14:20:46,"anonymous","EN","Chrome","119.0.0.0","Macintosh","1440x900",1,2,"bowl",5,7,"sos",1,1,1,2,6,2,1,"I tried to provide a decent alibi at the start without providing any incriminating evidence or anything that could be used to catch me out. However, considering I was walking around an office building with leather gloves there probably wasn't too much I could do",2,"I provided shorter answers when it became clear all my movements were logged on CCTV",2,4,1,4,2,1,3,4,3,1,3,2,6,32,1,"MC3A",3,NA,NA,"https://samgu.eu.qualtrics.com/jfe/form/SV_9LfHMv2hMJjDXmK","subject-28","SoS",1,2,2,1.66666666666667,2,3,4,2.66666666666667,1.25
28,2,"R_0SAMoJ9HKj4SuEF",2023-11-21 14:34:44,2023-11-21 15:14:31,0,100,2386,1,2023-11-21 15:14:32,"anonymous","EN","Chrome","119.0.0.0","Windows NT 10.0","1536x864",1,2,"bowl",3,6,"sos",3,2,1,3,7,3,1,"I decided I was a courier delivering a package and got lost in trying to find the  the mail room",1,"I was spotted on CCTV....I had to admit to entering a couple of rooms",2,5,1,4,3,3,3,5,2,3,4,2,7,62,1,"MC1A",1,NA,NA,"https://samgu.eu.qualtrics.com/jfe/form/SV_1AGv5hmwy3ZFB4i","subject-28","SoS",1,1,2,2,1,4,4,3.16666666666667,2.25
28,3,"R_etVxK97vhv2aZwt",2023-11-22 10:21:45,2023-11-22 11:12:40,0,100,3055,1,2023-11-22 11:12:41,"anonymous","EN","Chrome","107.0.0.0","Windows NT 10.0","1536x864",1,2,"bowl",5,5,"sos",1,1,1,2,5,5,1,"I was going to stick to the story of my imagined friend no matter what. That was my story and if they asked for the information of my friend. It was extremely difficult to pretend though and I don't think I managed to convince them that my friend was in the building.",2,NA,2,5,2,4,4,4,4,5,1,1,4,1,6,27,2,"MC2A",2,NA,NA,"https://samgu.eu.qualtrics.com/jfe/form/SV_9mn8ojG9nl7lsii","subject-28","SoS",1,1,2,2.5,1,5,5,3.33333333333333,1.25
28,4,"R_AigXWfLY2Yjbytr",2023-11-22 11:27:55,2023-11-22 12:16:42,0,100,2926,1,2023-11-22 12:16:43,"anonymous","EN","Chrome","119.0.0.0","Windows NT 10.0","1366x768",1,1,"bowl",3,6,"sos",2,2,1,2,7,6,1,"Deny all the accusations from witnesses and the interviewer. I believed that they couldn't charge me with anything and the gloves prevented my fingerprints from being over the documents.",2,NA,2,5,2,4,2,2,3,4,4,1,4,4,6,28,1,"MC1A",5,NA,NA,"https://samgu.eu.qualtrics.com/jfe/form/SV_3qiGGcxklub7Wia","subject-28","SoS",1,1,2,1.83333333333333,2,2,2,2.33333333333333,1.75
29,1,"R_1Qsa0UhGGdaDcN6",2023-12-04 10:31:35,2023-12-04 11:18:46,0,100,2830,1,2023-12-04 11:18:47,"anonymous","EN","Chrome","119.0.0.0","Windows NT 10.0","1536x864",1,1,"Bowl",5,7,"sos",2,4,3,1,4,6,1,"Give detail that was vague, but hard to counter, as the goal was to get out the building.",2,NA,2,4,3,2,4,4,4,5,4,4,4,2,5,37,1,"MC3A",3,NA,NA,"https://samgu.eu.qualtrics.com/jfe/form/SV_9LfHMv2hMJjDXmK","subject-29","SoS-Delay",0,2,4,3.16666666666667,1,2,4,3.16666666666667,2.5
29,2,"R_237FIVJEKNIjklI",2023-12-04 11:37:22,2023-12-04 12:21:41,0,100,2658,1,2023-12-04 12:21:42,"anonymous","EN","Edge","119.0.0.0","Windows NT 10.0","1536x864",1,2,"bowl",6,7,"sos",2,2,2,1,4,5,1,"Trying to be as relaxed and casual as possible.",1,"I had to change due to the knowledge about the CCTV",2,4,4,3,4,3,2,1,2,4,4,2,6,34,2,"MC2A",2,NA,NA,"https://samgu.eu.qualtrics.com/jfe/form/SV_9mn8ojG9nl7lsii","subject-29","SoS-Delay",0,2,3,3,5,4,4,3.83333333333333,1.75
29,3,"R_1f7S16H51mPmvs4",2023-12-06 10:18:22,2023-12-06 11:27:37,0,100,4155,1,2023-12-06 11:27:38,"anonymous","EN","Chrome","119.0.0.0","Windows NT 10.0","1366x768",1,1,"bowl",5,7,"sos",4,1,2,3,7,2,2,NA,2,NA,4,4,5,4,5,4,5,4,1,2,4,1,7,26,1,"MC1A",5,NA,NA,"https://samgu.eu.qualtrics.com/jfe/form/SV_3qiGGcxklub7Wia","subject-29","SoS-Delay",1,2,2,3.66666666666667,2,5,5,3.83333333333333,2.5
29,4,"R_1LGbPVmsh5V5jXh",2023-12-06 11:41:16,2023-12-06 12:33:51,0,100,3154,1,2023-12-06 12:33:51,"anonymous","EN","Chrome","119.0.0.0","Windows NT 10.0","1920x1080",1,1,"bowl",5,7,"sos",1,1,1,2,6,5,1,"Once it was clear my movements had been captured on CCTV, it was a case of broadly confirming my movements while leaving out key details and speaking very generally. Tried to give the impression I couldn't remember specifics but tried to let the interviewer lead.",1,"First went for complete deniability and then had to pivot to confirm I was in and around the building as they had me on CCTV.",1,4,1,4,2,2,4,4,1,3,4,1,6,39,1,"MC1A",1,NA,NA,"https://samgu.eu.qualtrics.com/jfe/form/SV_1AGv5hmwy3ZFB4i","subject-29","SoS-Delay",1,2,2,1.66666666666667,2,5,5,3.83333333333333,1.25
3,1,"R_9ubtqjBL7Ul9TGN",2023-09-24 09:17:30,2023-09-24 10:31:15,0,100,4424,1,2023-09-24 10:31:16,"anonymous","EN","Firefox","117.0","Windows NT 10.0","1920x1080",1,2,"bowl",5,5,"sos",4,4,4,5,7,5,1,"My initial plan was to be a little bit emotional and a little disoriented. So at the outset I explained to the interviewer that I was feeling emotional and a little troubled, and that I had had some alcohol to drink (which is always great for reasonable doubt)

Initially I did not know how much detail the interviewer had, but the moment I realised that he did have access to CCTV footage, I knew that it was imperative for me to preempt some of his questions. This also meant that it was important for me to give an accurate account of the locations I went to in the building since the interviewer had knowledge of that. I also knew that I was wearing gloves the entire time, so my hopes were that the video footage would have been a little inconclusive, and I knew that my finger prints would have not been found on the items, which would have assisted in the reasonable doubt case (hopefully). 

In my efforts to preempt his questions, I explained my actions in great detail, by and adding emotive language to my responses in order to seem more believable. 

I also admitted to performing other unpalatable activities (like the blackmail and the drinking on the job), to throw the scent off of my actual criminal activities; it also provided a reasonable basis for my anxious behaviour if I exhibited it at any point. 

Because of the line of work I am in, I am very aware about the strategic importance of the way information is presented. So I took some of that, the bias that comes from the fact that I am a woman and less likely to perform criminal activity, and my desire to win, to drive my case",1,"The strategy did not change, but the way I presented my information changed to be in line with with information he had. I still ensured to be an emotional and slightly tipsy employee who was ashamed of the pettier, less criminal actions they had admitting to doing.",4,1,4,4,5,5,5,2,1,4,4,1,7,32,2,"MC1A",1,"https://moderated.jitsi.net/e128bfb491274f0e915d626c8163d5220239c7506da7449eb4bf957ff160a7e5","https://meet.jit.si/moderated/4b5a6240a56b977c130dfe7b2099dd882170aaff8461c8094c6cf8bcb3e763d4","https://samgu.eu.qualtrics.com/jfe/form/SV_1AGv5hmwy3ZFB4i","subject-03","SoS",1,5,2,4.16666666666667,4,5,5,4.5,4.25
3,2,"R_332tLDuDGMjIQMR",2023-09-24 11:04:16,2023-09-24 12:02:44,0,100,3507,1,2023-09-24 12:02:45,"anonymous","EN","Edge","117.0.2045.36","Windows NT 10.0","1366x768",1,2,"bowl",3,6,"sos",3,4,1,4,7,5,1,"Jut deny everything and do not give further information. Only answer the questions presented and give more than required.",2,NA,4,4,2,4,4,3,4,4,2,3,5,3,6,41,2,"MC1A",4,"https://moderated.jitsi.net/e128bfb491274f0e915d626c8163d5220239c7506da7449eb4bf957ff160a7e5","https://meet.jit.si/moderated/4b5a6240a56b977c130dfe7b2099dd882170aaff8461c8094c6cf8bcb3e763d4","https://samgu.eu.qualtrics.com/jfe/form/SV_8eSeuf91JiNTPzE","subject-03","SoS",1,2,2,2.83333333333333,2,4,3,3.5,3
3,3,"R_2abkow0JpMqkk7e",2023-09-24 13:17:31,2023-09-24 14:10:34,0,100,3183,1,2023-09-24 14:10:36,"anonymous","EN","Chrome","109.0.0.0","Windows NT 10.0","1366x768",1,1,"bowl",5,5,"sos",4,3,4,4,6,2,2,NA,2,NA,5,1,4,2,5,5,5,2,1,3,4,1,7,40,2,"MC1A",6,"https://moderated.jitsi.net/e128bfb491274f0e915d626c8163d5220239c7506da7449eb4bf957ff160a7e5","https://meet.jit.si/moderated/4b5a6240a56b977c130dfe7b2099dd882170aaff8461c8094c6cf8bcb3e763d4","https://samgu.eu.qualtrics.com/jfe/form/SV_2f886gyotJ1bB5A","subject-03","SoS",1,5,4,4.66666666666667,4,5,5,4.33333333333333,3.75
3,4,"R_3g5hon2W2SZAiJh",2023-09-24 14:25:05,2023-09-24 15:08:32,0,38,2606,0,2023-09-24 18:25:07,"anonymous","EN","Edge","117.0.2045.36","Windows NT 10.0","1920x1080",1,1,"bowl",NA,NA,NA,NA,NA,NA,NA,NA,NA,NA,NA,NA,NA,NA,NA,NA,NA,NA,NA,NA,NA,NA,NA,NA,NA,NA,NA,NA,"MC2A",2,"https://moderated.jitsi.net/e128bfb491274f0e915d626c8163d5220239c7506da7449eb4bf957ff160a7e5","https://meet.jit.si/moderated/4b5a6240a56b977c130dfe7b2099dd882170aaff8461c8094c6cf8bcb3e763d4","https://samgu.eu.qualtrics.com/jfe/form/SV_9mn8ojG9nl7lsii","subject-03","SoS",1,NA,NA,NA,NA,NA,NA,NA,NA
30,1,"R_2RWIvGk92ddf4L1",2023-11-29 13:19:27,2023-11-29 14:03:20,0,100,2633,1,2023-11-29 14:03:21,"anonymous","EN","Edge","119.0.0.0","Windows NT 10.0","1366x768",1,1,"bowl",7,6,"Sos",4,3,4,3,5,6,1,"I told the interviewer that I was only in the building because my friend had asked me to bring medication for her at work, I went there and as soon as i was about to leave, that is when i was asked not to leave and told that there is a case being investigated.",2,NA,2,5,4,3,4,2,2,5,1,3,4,2,7,26,2,"MC3A",3,NA,NA,"https://samgu.eu.qualtrics.com/jfe/form/SV_9LfHMv2hMJjDXmK","subject-30","SoS-Delay",0,1,3,2.66666666666667,1,5,4,3.16666666666667,3.5
30,2,"R_2y78rVFNsb6eRws",2023-11-29 14:17:02,2023-11-29 14:53:35,0,100,2192,1,2023-11-29 14:53:35,"anonymous","EN","Chrome","119.0.0.0","Windows NT 10.0","1280x720",1,1,"bowl",4,6,"Sos",4,2,4,2,5,6,1,"my strategy was mostly  to deny everything but also give slight details of what i did",2,"i didnt change it, but i decided to give some details to make it realistic and not seem like i was just denying everything",1,4,1,4,2,2,2,3,1,2,2,2,6,24,2,"MC1A",4,NA,NA,"https://samgu.eu.qualtrics.com/jfe/form/SV_8eSeuf91JiNTPzE","subject-30","SoS-Delay",0,2,2,1.66666666666667,3,5,4,3,3
30,3,"R_3efUFxaTwuSl9IN",2023-12-06 13:21:36,2023-12-06 14:14:22,0,100,3165,1,2023-12-06 14:14:23,"anonymous","EN","Chrome","119.0.0.0","Windows NT 10.0","1366x768",1,1,"bowl",7,6,"sos",3,1,1,3,7,6,1,"give a point and stand by it at all cost",2,NA,2,4,3,5,3,2,4,NA,3,2,5,2,7,24,1,"MC2A",2,NA,NA,"https://samgu.eu.qualtrics.com/jfe/form/SV_9mn8ojG9nl7lsii","subject-30","SoS-Delay",1,2,1,2.16666666666667,NA,3,4,NA,2
30,4,"R_bI5HZSP3hQ6NroJ",2023-12-06 14:22:22,2023-12-06 14:54:25,0,100,1923,1,2023-12-06 14:54:26,"anonymous","EN","Chrome","119.0.0.0","Macintosh","1379x770",1,1,"bowl",7,7,"sos",5,5,3,5,4,1,1,"Misdirection and assertiveness when he attempted to trip me up by changing seemingly innocuous details about the story I provided him. Once he knew I knew what he was doing he had no choice but to abandon that tactic.",2,"I didnt change strategies because when you change strategies that is when they get the opening they need.",5,1,3,1,1,3,3,4,1,1,4,2,7,35,1,"MC1A",1,NA,NA,"https://samgu.eu.qualtrics.com/jfe/form/SV_1AGv5hmwy3ZFB4i","subject-30","SoS-Delay",1,5,5,3.66666666666667,2,5,4,3.16666666666667,4.5
31,1,"R_A08nRTcyazFFSGl",2023-12-01 10:29:08,2023-12-01 11:27:08,0,100,3480,1,2023-12-01 11:27:09,"anonymous","EN","Chrome","119.0.0.0","Macintosh","1920x1080",1,2,"bowl",4,6,"sos",4,4,3,4,6,2,1,"I thought about a story that could be convincing and one that would be easy to answer to without needing too many details.",1,"I decided to deny doing certain things just to see how much the interviewer knew about my visit.",4,2,4,2,3,4,5,1,1,1,4,1,7,34,2,"MC1A",6,NA,NA,"https://samgu.eu.qualtrics.com/jfe/form/SV_2f886gyotJ1bB5A","subject-31","SoS-Delay",0,4,4,3.83333333333333,5,5,5,4.16666666666667,3.75
31,2,"R_3fQ4SqlJinBbiRL",2023-12-01 11:36:46,2023-12-01 12:24:05,0,100,2838,1,2023-12-01 12:24:06,"anonymous","EN","Chrome","119.0.0.0","Windows NT 10.0","1366x768",1,2,"bowl",7,7,"sos",5,5,5,5,1,7,2,NA,2,NA,3,2,5,1,5,5,5,1,1,3,4,1,7,22,1,"MC3A",3,NA,NA,"https://samgu.eu.qualtrics.com/jfe/form/SV_9LfHMv2hMJjDXmK","subject-31","SoS-Delay",0,4,5,4.5,5,5,5,4.5,5
31,3,"R_2SDM3neJnu2fyZ7",2023-12-07 09:59:38,2023-12-07 10:44:08,0,100,2670,1,2023-12-07 10:44:08,"anonymous","EN","Chrome","120.0.0.0","Windows NT 10.0","1536x864",1,1,"bowl",4,5,"sos",2,2,2,3,6,2,1,"I tried to convince the interrogator that I'm just a food delivery guy who was looking for a lady that ordered food",2,NA,2,3,2,4,3,2,4,4,1,2,3,2,2,44,1,"MC2A",2,NA,NA,"https://samgu.eu.qualtrics.com/jfe/form/SV_9mn8ojG9nl7lsii","subject-31","SoS-Delay",1,3,2,2.33333333333333,2,5,4,3.33333333333333,2.25
31,4,"R_3QRZVgqKE1XkrTX",2023-12-07 10:48:05,2023-12-07 11:36:37,0,100,2912,1,2023-12-07 11:36:38,"anonymous","EN","Chrome","119.0.0.0","Windows NT 10.0","1536x864",1,2,"bowl",6,7,"sos",4,4,2,4,4,6,1,"i tried to convince him that i was just a regular employee doing her everyday things. I was conficent and i didnt doubt myself during the interview so that he would suspect me",2,NA,4,2,4,3,4,3,3,3,1,3,2,1,6,26,2,"MC1A",5,NA,NA,"https://samgu.eu.qualtrics.com/jfe/form/SV_3qiGGcxklub7Wia","subject-31","SoS-Delay",1,4,3,3.66666666666667,3,5,5,3.5,3.5
4,1,"R_27HfviQlKBj2E4Y",2023-09-16 12:57:18,2023-09-16 13:42:41,0,100,2722,1,2023-09-16 13:42:41,"anonymous","EN","Chrome","116.0.0.0","Windows NT 10.0","1600x900",1,2,"bowl",1,7,"sos",1,1,2,2,7,3,2,NA,2,NA,2,4,1,4,2,1,2,4,1,2,4,3,6,48,2,"MC1A",5,"https://moderated.jitsi.net/5b51867316144afc8949895d5de61eafda762eff00564f8fafb156de15bbfe0d","https://meet.jit.si/moderated/fa63336a276f8e7a07653302ec1b209ae55bf1be46ae6c24452be5cc251584f5","https://samgu.eu.qualtrics.com/jfe/form/SV_3qiGGcxklub7Wia","subject-4","Basic",0,2,2,1.66666666666667,2,5,3,3,1.5
4,2,"R_eJ2piur4dzXJEA1",2023-09-16 14:11:00,2023-09-16 15:00:08,0,100,2947,1,2023-09-16 15:00:09,"anonymous","EN","Firefox","117.0","Windows NT 10.0","1707x1067",1,2,"bowl",1,4,"SOS",1,1,1,2,5,4,1,"I was anaware that the whole point was to appear innocent so during the interview I actually asked if I was supposed to play out an interrogation where I did nothing wrong. My bad, I just got confused. I think a heads up before watching the video like ""You will watch your step by step of that day and you will then be interrogated about Timothy Luke's murder. Your objective is to appear innocent to the interrogator"" would be greatly appreciated. IF I would have been aware that I was supposed to look innocent (again, I was little slow in this one so, my bad) my strategy would probably have been to convince the interrogator that I was there to meet T.L. and so I just searched the building for places I know he may be in. Thank you for the experience!",2,NA,2,2,2,4,4,3,5,2,2,3,4,2,7,26,1,"MC1A",1,"https://moderated.jitsi.net/5b51867316144afc8949895d5de61eafda762eff00564f8fafb156de15bbfe0d","https://meet.jit.si/moderated/fa63336a276f8e7a07653302ec1b209ae55bf1be46ae6c24452be5cc251584f5","https://samgu.eu.qualtrics.com/jfe/form/SV_1AGv5hmwy3ZFB4i","subject-4","Basic",0,4,2,2.83333333333333,4,4,4,4,1.25
4,3,"R_XANw1V9d7KoUagV",2023-09-16 15:35:04,2023-09-16 16:53:51,0,95,4727,0,2023-09-16 19:35:05,"anonymous","EN","Chrome","116.0.0.0","Windows NT 10.0","2560x1440",1,1,"bowl",4,6,"sos",2,1,2,3,6,5,2,"So I thought I had such a strategy but at first I didn't know that there were CCTV cameras on the corridors which was the key factor in proving me guilty and I didn't have an option to prepare for it so I got a bit lost in my statements.",1,"Yes, at first I had a strategy to deny everything but when I heard of CCTV cameras I convinced partly that I was walking through the corridor of Doctor's room.",2,4,2,5,4,2,2,5,4,2,3,5,6,21,1,"MC1A",4,"https://moderated.jitsi.net/5b51867316144afc8949895d5de61eafda762eff00564f8fafb156de15bbfe0d","https://meet.jit.si/moderated/fa63336a276f8e7a07653302ec1b209ae55bf1be46ae6c24452be5cc251584f5","https://samgu.eu.qualtrics.com/jfe/form/SV_8eSeuf91JiNTPzE","subject-4","Basic",0,2,1,2.16666666666667,1,2,1,1.83333333333333,2
4,4,"R_3kud55w9X69dP9u",2023-09-17 09:35:51,2023-09-17 10:24:01,0,100,2890,1,2023-09-17 10:24:02,"anonymous","EN","Chrome","116.0.0.0","Windows NT 10.0","1536x864",1,1,"Bowl",6,6,"sos",5,5,5,5,4,6,2,NA,2,NA,4,2,3,1,4,4,4,4,1,3,4,1,6,24,2,"MC1A",6,"https://moderated.jitsi.net/5b51867316144afc8949895d5de61eafda762eff00564f8fafb156de15bbfe0d","https://meet.jit.si/moderated/fa63336a276f8e7a07653302ec1b209ae55bf1be46ae6c24452be5cc251584f5","https://samgu.eu.qualtrics.com/jfe/form/SV_2f886gyotJ1bB5A","subject-4","Basic",0,4,5,4,2,5,5,3.83333333333333,5
4,5,"R_yRc8vhudTkPgpMd",2023-09-17 10:45:10,2023-09-17 11:47:22,0,100,3731,1,2023-09-17 11:47:23,"anonymous","EN","Chrome","116.0.0.0","Macintosh","1280x800",1,2,"bowl",2,7,"sos",1,1,2,3,3,3,1,"Deny everything!",2,"I knew I didn't have a good reason to be there, so I felt like I was always on the back foot",3,4,2,4,4,4,4,4,2,3,4,3,7,52,2,"MC2A",2,"https://moderated.jitsi.net/5b51867316144afc8949895d5de61eafda762eff00564f8fafb156de15bbfe0d","https://meet.jit.si/moderated/fa63336a276f8e7a07653302ec1b209ae55bf1be46ae6c24452be5cc251584f5","https://samgu.eu.qualtrics.com/jfe/form/SV_9mn8ojG9nl7lsii","subject-4","Basic",0,2,2,2.83333333333333,2,4,3,3.33333333333333,1.75
4,6,"R_1CDYGCDKjIszavK",2023-09-17 13:28:43,2023-09-17 14:40:30,0,100,4306,1,2023-09-17 14:40:31,"anonymous","EN","Chrome","116.0.0.0","Windows NT 10.0","1536x864",1,1,"bowl",7,7,"sos",5,4,3,5,5,5,1,"At first, I did not want to give the interviewer many details about my whereabouts in the building. A great deal of information is the cause of many questions. But he informed me that there are cameras in the building. So, I admitted to being in places where there were cameras and I made up stories to justify my presence in these places. These stories were not very complex, in order not to raise many questions. On the contrary, I believe that they were short and believable. All in all, I believe that I made a good impression on the interviewer.",1,"Yes, I changed strategy, because he informed me that there were cameras in the building. So, I could not deny being in a certain place. So, I had to make up believable stories to convince him why I was present at that time.",4,2,5,1,5,4,5,2,1,4,4,1,7,36,2,"MC3A",3,"https://moderated.jitsi.net/5b51867316144afc8949895d5de61eafda762eff00564f8fafb156de15bbfe0d","https://meet.jit.si/moderated/fa63336a276f8e7a07653302ec1b209ae55bf1be46ae6c24452be5cc251584f5","https://samgu.eu.qualtrics.com/jfe/form/SV_9LfHMv2hMJjDXmK","subject-4","Basic",0,4,5,4.5,4,5,5,4.5,4.25
5,1,"R_6r2asrnJ4KDsz6N",2023-09-16 12:55:17,2023-09-16 13:46:54,0,100,3097,1,2023-09-16 13:46:55,"anonymous","EN","Chrome","116.0.0.0","Windows NT 10.0","1536x864",1,1,"bowl",5,7,"sos",4,2,5,4,3,6,1,"I came up with a perfect, coherent story about the innocent guy in my friend's room.",2,NA,5,2,5,2,5,5,5,4,1,5,4,1,5,18,1,"MC3A",3,"https://moderated.jitsi.net/530b0dfbee1a417ca18ed9ff5a395427bf481b249b0e40dbac7e3626d0c8fa82","https://meet.jit.si/moderated/5e7d497704ba9591f9daca4acab466cd0f9210fb7064177a4243eaf77991f6a5","https://samgu.eu.qualtrics.com/jfe/form/SV_9LfHMv2hMJjDXmK","subject-5-updated","Basic",0,4,4,4.66666666666667,2,5,5,4.33333333333333,3.75
5,2,"R_3CHH1csWyVjSsDD",2023-09-16 15:46:47,2023-09-16 16:22:46,0,53,2159,0,2023-09-16 19:46:49,"anonymous","EN","Chrome","116.0.0.0","Windows NT 10.0","1920x1080",1,1,"bowl",3,3,NA,NA,NA,NA,NA,NA,NA,NA,NA,NA,NA,NA,NA,NA,NA,NA,NA,NA,NA,NA,NA,NA,NA,NA,NA,NA,"MC1A",4,"https://moderated.jitsi.net/530b0dfbee1a417ca18ed9ff5a395427bf481b249b0e40dbac7e3626d0c8fa82","https://meet.jit.si/moderated/5e7d497704ba9591f9daca4acab466cd0f9210fb7064177a4243eaf77991f6a5","https://samgu.eu.qualtrics.com/jfe/form/SV_8eSeuf91JiNTPzE","subject-5-updated","Basic",0,NA,NA,NA,NA,NA,NA,NA,NA
5,3,"R_1MS3yMkkcskvOBo",2023-09-17 09:42:48,2023-09-17 10:31:31,0,100,2922,1,2023-09-17 10:31:32,"anonymous","EN","Firefox","118.0","Windows NT 10.0","1920x1080",1,1,"bowl",4,7,"sos",4,1,4,4,5,3,1,"My strategy was based in the fact that i had to take a Job interview on the third floor",2,NA,4,5,2,5,4,4,2,5,2,3,4,2,7,24,1,"MC1A",1,"https://moderated.jitsi.net/530b0dfbee1a417ca18ed9ff5a395427bf481b249b0e40dbac7e3626d0c8fa82","https://meet.jit.si/moderated/5e7d497704ba9591f9daca4acab466cd0f9210fb7064177a4243eaf77991f6a5","https://samgu.eu.qualtrics.com/jfe/form/SV_1AGv5hmwy3ZFB4i","subject-5-updated","Basic",0,1,1,2.66666666666667,1,4,4,3,3.25
5,4,"R_238lXt4CbhTBX1h",2023-09-17 10:48:36,2023-09-17 11:41:03,0,100,3146,1,2023-09-17 11:41:04,"anonymous","EN","Chrome","116.0.0.0","Windows NT 10.0","1366x768",1,2,"bowl",2,2,"SOS",2,1,1,3,5,3,1,"Deny, deny and deny",2,NA,3,4,4,4,4,3,4,4,2,3,4,2,7,27,2,"MC1A",5,"https://moderated.jitsi.net/530b0dfbee1a417ca18ed9ff5a395427bf481b249b0e40dbac7e3626d0c8fa82","https://meet.jit.si/moderated/5e7d497704ba9591f9daca4acab466cd0f9210fb7064177a4243eaf77991f6a5","https://samgu.eu.qualtrics.com/jfe/form/SV_3qiGGcxklub7Wia","subject-5-updated","Basic",0,2,2,3,2,4,4,3.5,1.75
5,5,"R_Rk05BBVoFxkKTUB",2023-09-17 12:57:41,2023-09-17 13:45:47,0,100,2885,1,2023-09-17 13:45:48,"anonymous","EN","Chrome","116.0.0.0","Windows NT 10.0","1536x864",1,1,"bowl",5,7,"sos",2,1,1,3,7,3,2,NA,2,NA,3,4,2,4,4,2,3,4,4,2,5,3,6,20,1,"MC1A",6,"https://moderated.jitsi.net/530b0dfbee1a417ca18ed9ff5a395427bf481b249b0e40dbac7e3626d0c8fa82","https://meet.jit.si/moderated/5e7d497704ba9591f9daca4acab466cd0f9210fb7064177a4243eaf77991f6a5","https://samgu.eu.qualtrics.com/jfe/form/SV_2f886gyotJ1bB5A","subject-5-updated","Basic",0,2,2,2.5,2,2,3,2.83333333333333,1.75
5,6,"R_1OPmJiejbwRwF4M",2023-09-17 13:57:39,2023-09-17 14:40:20,0,100,2560,1,2023-09-17 14:40:21,"anonymous","EN","Chrome","117.0.0.0","Windows NT 10.0","1536x864",1,1,"bowl",5,7,"sos",2,4,2,5,5,6,2,NA,2,NA,4,5,2,4,4,4,5,1,1,3,5,2,7,18,1,"MC2A",2,"https://moderated.jitsi.net/530b0dfbee1a417ca18ed9ff5a395427bf481b249b0e40dbac7e3626d0c8fa82","https://meet.jit.si/moderated/5e7d497704ba9591f9daca4acab466cd0f9210fb7064177a4243eaf77991f6a5","https://samgu.eu.qualtrics.com/jfe/form/SV_9mn8ojG9nl7lsii","subject-5-updated","Basic",0,1,2,2.83333333333333,5,5,4,4.5,3.25
6,1,"R_3iJ5YKrfTfCtKGk",2023-09-16 14:11:09,2023-09-16 15:14:23,0,100,3793,1,2023-09-16 15:14:24,"anonymous","EN","Chrome","116.0.0.0","Windows NT 10.0","1366x768",1,1,"bowl",4,5,"sos",3,2,1,4,5,2,2,NA,2,NA,3,4,1,2,4,1,4,4,1,3,4,1,6,23,1,"MC3A",3,"https://moderated.jitsi.net/c950e6a39cb04370bf249b52429764dbfc902b9c9204402fb169832cf2f760f4","https://meet.jit.si/moderated/0973a2cd5f3f7f1e73acce78fc23affcadd4381e124ae19e8faa1d59b5d826ad","https://samgu.eu.qualtrics.com/jfe/form/SV_9LfHMv2hMJjDXmK","subject-6","Basic",0,2,4,2.5,2,5,5,3.83333333333333,2.5
6,2,"R_xAfyFqqu5hdQlVf",2023-09-16 16:19:14,2023-09-16 18:51:32,0,32,9138,0,2023-09-16 20:19:15,"anonymous","EN","Chrome","116.0.0.0","Windows NT 10.0","1366x768",1,1,NA,NA,NA,NA,NA,NA,NA,NA,NA,NA,NA,NA,NA,NA,NA,NA,NA,NA,NA,NA,NA,NA,NA,NA,NA,NA,NA,NA,NA,"MC2A",2,"https://moderated.jitsi.net/c950e6a39cb04370bf249b52429764dbfc902b9c9204402fb169832cf2f760f4","https://meet.jit.si/moderated/0973a2cd5f3f7f1e73acce78fc23affcadd4381e124ae19e8faa1d59b5d826ad","https://samgu.eu.qualtrics.com/jfe/form/SV_9mn8ojG9nl7lsii","subject-6","Basic",0,NA,NA,NA,NA,NA,NA,NA,NA
6,3,"R_2TMfEhX9DjXlrHX",2023-09-17 09:43:17,2023-09-17 10:45:40,0,100,3743,1,2023-09-17 10:45:41,"anonymous","EN","Chrome","116.0.0.0","Windows NT 10.0","1920x1080",1,2,"bowl",4,4,"sos",2,2,2,2,1,6,1,"TBH, there was no real strategy at first as there was no time at all to prepare a convincing story.

It was got into though as time went by and so one started to BS one's way through it, with what was hopefully a plausible story.

That said some parts of the scenario didn't make sense as given all the stuff that you had done why wouldn't you just leg it when the security guard appeared?

If that wasn't an option because the building had been locked down etc then security has no right to detain you unless they make a citizens arrest because they suspect you of committing a crime.

That wasn't stated though and if it had been you had better believe that nothing would have been said to security.

If security had called the cops and the police had then made an arrest, then a lawyer would have been asked for and then a ""no comment"" interview would have been given instead of the BS tale that was spun. No good comes from talking to law enforcement.

Also as somebody who has been arrested and interviewed under caution this whole study was akin to a bad trip. 

It was only for trivial BS, a bit of weed etc, back in another life, but it's not a fun experience so at first this study brought back some bad memories.",2,"No the same BS tale was spun throughout. As it was got into though it was impossible to not become more confident though.",2,4,2,4,2,3,3,5,4,2,4,2,7,37,1,"MC1A",1,"https://moderated.jitsi.net/c950e6a39cb04370bf249b52429764dbfc902b9c9204402fb169832cf2f760f4","https://meet.jit.si/moderated/0973a2cd5f3f7f1e73acce78fc23affcadd4381e124ae19e8faa1d59b5d826ad","https://samgu.eu.qualtrics.com/jfe/form/SV_1AGv5hmwy3ZFB4i","subject-6","Basic",0,2,2,2.16666666666667,1,2,4,2.66666666666667,2
6,4,"R_UiSpP8mUa2BIFUt",2023-09-17 10:56:26,2023-09-17 12:21:51,0,38,5125,0,2023-09-17 14:56:27,"anonymous","EN","Firefox","117.0","Windows NT 10.0","2560x1440",1,1,"bowl",NA,NA,NA,NA,NA,NA,NA,NA,NA,NA,NA,NA,NA,NA,NA,NA,NA,NA,NA,NA,NA,NA,NA,NA,NA,NA,NA,NA,"MC1A",5,"https://moderated.jitsi.net/c950e6a39cb04370bf249b52429764dbfc902b9c9204402fb169832cf2f760f4","https://meet.jit.si/moderated/0973a2cd5f3f7f1e73acce78fc23affcadd4381e124ae19e8faa1d59b5d826ad","https://samgu.eu.qualtrics.com/jfe/form/SV_3qiGGcxklub7Wia","subject-6","Basic",0,NA,NA,NA,NA,NA,NA,NA,NA
6,5,"R_1E6Sx4pLr4rNEKk",2023-09-17 14:11:06,2023-09-17 15:12:23,0,100,3676,1,2023-09-17 15:12:24,"anonymous","EN","Chrome","116.0.0.0","Windows NT 10.0","1536x864",1,1,"bowl",4,5,"SOS",2,3,2,3,5,5,1,"Try to look as calm as possible",2,NA,3,4,2,4,4,4,5,4,1,3,4,2,7,32,1,"MC1A",6,"https://moderated.jitsi.net/c950e6a39cb04370bf249b52429764dbfc902b9c9204402fb169832cf2f760f4","https://meet.jit.si/moderated/0973a2cd5f3f7f1e73acce78fc23affcadd4381e124ae19e8faa1d59b5d826ad","https://samgu.eu.qualtrics.com/jfe/form/SV_2f886gyotJ1bB5A","subject-6","Basic",0,2,2,2.83333333333333,2,5,4,3.83333333333333,2.5
7,1,"R_3NKY8lMl4RfMrab",2023-09-26 09:16:41,2023-09-26 10:03:50,0,100,2828,1,2023-09-26 10:03:52,"anonymous","EN","Chrome","116.0.0.0","Windows NT 10.0","1920x1080",1,2,"bowl",5,5,"sos",4,2,1,5,6,6,2,NA,2,NA,4,5,4,5,4,3,4,5,2,3,4,2,7,23,1,"MC2A",2,"https://moderated.jitsi.net/da0fd4ac1abd448e822a5c17c92a37b25baa721cb4254006b1ee8fdb165a9bfa","https://meet.jit.si/moderated/25d0800b78d028aed35febfb772283f919696dd78db273eaddfa961f13e71005","https://samgu.eu.qualtrics.com/jfe/form/SV_9mn8ojG9nl7lsii","subject-07","SoS",1,1,1,2.83333333333333,1,4,4,3.33333333333333,3
7,2,"R_tPMxLYFUfBdI0c9",2023-09-26 10:21:29,2023-09-26 11:07:24,0,100,2754,1,2023-09-26 11:07:28,"anonymous","EN","Chrome","116.0.0.0","Windows NT 10.0","1920x1080",1,1,"bowl",2,5,"sos",1,1,1,2,4,5,1,"I didn't have a strategy beforehand, so I tried making up false statements during interrogation.
Being a health facility, I imagined there was a commitment service. So I replied on the spot that I went to the fourth floor to see a friend who was staying there for treatment.
Throughout the questioning e continued to lie: Going to the 1st floor's reception to ask where my friend's room was; visiting my friend on the 4th floor; going to the restroom on another floor.",1,"Well, I had to add new information about the different floors where I was seen. For instance, looking for the restroom  on the 5th floor, and entering another floor by mistake, never leaving the elevator.",3,4,2,4,2,3,3,4,2,2,4,3,5,39,1,"MC1A",4,"https://moderated.jitsi.net/da0fd4ac1abd448e822a5c17c92a37b25baa721cb4254006b1ee8fdb165a9bfa","https://meet.jit.si/moderated/25d0800b78d028aed35febfb772283f919696dd78db273eaddfa961f13e71005","https://samgu.eu.qualtrics.com/jfe/form/SV_8eSeuf91JiNTPzE","subject-07","SoS",1,2,2,2.33333333333333,2,4,3,3,1.25
7,3,"R_2cucGWXpnNz4QDb",2023-09-26 12:08:29,2023-09-26 12:41:01,0,100,1952,1,2023-09-26 12:41:02,"anonymous","EN","Safari","15.3","Macintosh","2560x1440",1,1,"bowl",1,5,"sos",5,4,2,4,1,5,2,NA,1,"I started asking questions regarding the evidence they had on me.",5,2,4,4,3,4,4,5,1,4,4,2,7,25,2,"MC1A",5,"https://moderated.jitsi.net/da0fd4ac1abd448e822a5c17c92a37b25baa721cb4254006b1ee8fdb165a9bfa","https://meet.jit.si/moderated/25d0800b78d028aed35febfb772283f919696dd78db273eaddfa961f13e71005","https://samgu.eu.qualtrics.com/jfe/form/SV_3qiGGcxklub7Wia","subject-07","SoS",1,4,2,3.66666666666667,1,5,4,3.66666666666667,3.75
7,4,"R_bJFBEJoK9aRhNkt",2023-09-26 13:03:50,2023-09-26 13:40:58,0,100,2227,1,2023-09-26 13:40:59,"anonymous","EN","Chrome","116.0.0.0","Windows NT 10.0","1366x768",1,2,"bowl",1,4,"sos",1,2,1,1,4,5,2,NA,2,NA,2,4,1,5,3,2,3,4,2,4,5,2,6,22,2,"MC1A",1,"https://moderated.jitsi.net/da0fd4ac1abd448e822a5c17c92a37b25baa721cb4254006b1ee8fdb165a9bfa","https://meet.jit.si/moderated/25d0800b78d028aed35febfb772283f919696dd78db273eaddfa961f13e71005","https://samgu.eu.qualtrics.com/jfe/form/SV_1AGv5hmwy3ZFB4i","subject-07","SoS",1,2,1,1.83333333333333,2,4,4,3.66666666666667,1.25
8,1,"R_1q2nuw9bX3YT0yM",2023-09-16 12:45:01,2023-09-16 14:00:35,0,100,4534,1,2023-09-16 14:00:36,"anonymous","EN","Chrome","116.0.0.0","Linux x86_64","1680x1050",1,1,"bowl",4,7,"sos",2,1,2,5,3,2,1,"Deceive, Inveigle, and obfuscate. Basically I denied everything, but my answers were vague to protect me from breaking the law by lying to an investigator. I wanted to be friendly, but not helpful. I wanted to be confident, but not cocky. I wanted to be curious, but not attract further curiosity. I wanted to seem forth-coming with my answers, but I made sure to select a few questions to purposely avoid answering. For example, what did you do inside the bathroom. I wanted to make the interviewer laugh.",1,"I did not intend to make the interviewer laugh when I was preparing. My initial plan was to stick to the story about using the bathroom. After first making the claim about my purpose inside, the investigator laughed and I decided that some light humor may help my situation. I was expecting a more serious tone from the security agent and so I had not expected humor to come into play. At the end, I felt that asking the investigator to join me for lunch was a good way to test their suspicions about me. If I was under suspicion, I expect the agent may have said yes to gain my contact information. This would help for making an arrest at a later point. When the investigator declined, I felt relieved that there was no reason to seek further contact.",5,1,4,2,4,5,4,4,1,2,5,1,7,29,1,"MC1A",4,"https://moderated.jitsi.net/8cc4508be6ea4fd3b1cba6333584fc02c463ce969a464e7cb97ede0121d2b004","https://meet.jit.si/moderated/902cc88339deb72dadace6dacdd1b40b5c7298dc8ad7751b27f0891ca97b6a99","https://samgu.eu.qualtrics.com/jfe/form/SV_8eSeuf91JiNTPzE","subject-8","Basic",0,5,4,4.5,2,5,5,3.83333333333333,2.5
8,2,"R_1qhdOyf94IWImae",2023-09-16 14:08:08,2023-09-16 14:57:47,0,100,2979,1,2023-09-16 14:57:48,"anonymous","EN","Chrome","116.0.0.0","Windows NT 10.0","1280x720",1,1,"bowl",5,6,"SOS",4,3,2,3,2,6,2,NA,2,NA,4,1,5,1,5,5,5,2,1,3,5,1,7,31,1,"MC1A",1,"https://moderated.jitsi.net/8cc4508be6ea4fd3b1cba6333584fc02c463ce969a464e7cb97ede0121d2b004","https://meet.jit.si/moderated/902cc88339deb72dadace6dacdd1b40b5c7298dc8ad7751b27f0891ca97b6a99","https://samgu.eu.qualtrics.com/jfe/form/SV_1AGv5hmwy3ZFB4i","subject-8","Basic",0,5,5,4.83333333333333,4,5,5,4.5,3
8,3,"R_12o0ySI2DmopfRv",2023-09-16 15:28:02,2023-09-16 16:27:20,0,100,3558,1,2023-09-16 16:27:21,"anonymous","EN","Chrome","117.0.0.0","Windows NT 10.0","1536x864",1,1,"bowl",3,6,"sos",4,2,4,4,1,5,1,"I wanted to create as coherent a story as possible",2,NA,4,5,2,5,4,4,5,1,1,4,5,1,7,18,1,"MC2A",2,"https://moderated.jitsi.net/8cc4508be6ea4fd3b1cba6333584fc02c463ce969a464e7cb97ede0121d2b004","https://meet.jit.si/moderated/902cc88339deb72dadace6dacdd1b40b5c7298dc8ad7751b27f0891ca97b6a99","https://samgu.eu.qualtrics.com/jfe/form/SV_9mn8ojG9nl7lsii","subject-8","Basic",0,1,1,2.66666666666667,5,5,5,4.83333333333333,3.5
8,5,"R_1gkxQTdoFMao6Vt",2023-09-17 13:19:26,2023-09-17 14:30:28,0,100,4262,1,2023-09-17 14:30:29,"anonymous","EN","Chrome","116.0.0.0","Windows NT 10.0","1536x864",1,1,"bowl",3,6,"sos",3,2,2,3,4,5,1,"I wanted to look as if I was there on a family matter and have nothing to do with a company",2,NA,4,3,3,3,2,2,2,3,2,2,4,2,5,50,2,"MC1A",5,"https://moderated.jitsi.net/8cc4508be6ea4fd3b1cba6333584fc02c463ce969a464e7cb97ede0121d2b004","https://meet.jit.si/moderated/902cc88339deb72dadace6dacdd1b40b5c7298dc8ad7751b27f0891ca97b6a99","https://samgu.eu.qualtrics.com/jfe/form/SV_3qiGGcxklub7Wia","subject-8","Basic",0,3,3,2.83333333333333,3,4,4,3.16666666666667,2.5
8,6,"R_3dLog66CKOGsBWE",2023-09-17 14:55:28,2023-09-17 15:42:27,0,100,2818,1,2023-09-17 15:42:27,"anonymous","EN","Firefox","117.0","Windows NT 10.0","1366x768",1,1,"bowl",6,7,"sos",3,2,3,4,5,5,1,"Being tired after OT, caring father, etc.",2,NA,4,2,3,4,4,4,5,2,2,4,4,2,7,32,1,"MC1A",6,"https://moderated.jitsi.net/8cc4508be6ea4fd3b1cba6333584fc02c463ce969a464e7cb97ede0121d2b004","https://meet.jit.si/moderated/902cc88339deb72dadace6dacdd1b40b5c7298dc8ad7751b27f0891ca97b6a99","https://samgu.eu.qualtrics.com/jfe/form/SV_2f886gyotJ1bB5A","subject-8","Basic",0,4,2,3.5,4,4,4,4.16666666666667,3
9,1,"R_2cpyehHTLJJi3F7",2023-09-24 09:33:19,2023-09-24 10:21:44,0,100,2904,1,2023-09-24 10:21:45,"anonymous","EN","Chrome","116.0.0.0","Windows NT 10.0","1280x720",1,1,"bowl",3,7,"sos",3,2,2,3,4,6,2,NA,2,NA,3,4,2,3,4,4,4,4,1,5,4,1,7,32,2,"MC3A",3,"https://moderated.jitsi.net/907544827c9a4306bcb47b38b6c88eb3e185ed9c96574d888736b03ecbe38d05","https://meet.jit.si/moderated/b8c0d8f1eb98a8089079d3a814d6b00836908d035347481bb0bca9ff9dcae604","https://samgu.eu.qualtrics.com/jfe/form/SV_9LfHMv2hMJjDXmK","subject-09","SoS",1,2,3,3,2,5,5,4.16666666666667,2.5
9,2,"R_3qmzhVxLg27uxIm",2023-09-24 11:01:29,2023-09-24 11:43:26,0,100,2516,1,2023-09-24 11:43:27,"anonymous","EN","Chrome","116.0.0.0","Windows NT 10.0","1280x720",1,2,"bowl",7,7,"sos",3,2,1,3,7,6,2,NA,2,NA,4,5,4,3,4,4,4,3,1,4,4,1,7,31,1,"MC1A",1,"https://moderated.jitsi.net/907544827c9a4306bcb47b38b6c88eb3e185ed9c96574d888736b03ecbe38d05","https://meet.jit.si/moderated/b8c0d8f1eb98a8089079d3a814d6b00836908d035347481bb0bca9ff9dcae604","https://samgu.eu.qualtrics.com/jfe/form/SV_1AGv5hmwy3ZFB4i","subject-09","SoS",1,1,3,3.33333333333333,3,5,5,4.16666666666667,2.25
9,3,"R_SMJ63cE3uX8SjnP",2023-09-24 13:07:03,2023-09-24 14:07:07,0,100,3603,1,2023-09-24 14:07:08,"anonymous","EN","Firefox","117.0","Windows NT 10.0","1920x1080",1,1,"bowl",2,4,"sos",1,1,1,1,6,5,2,NA,1,"At first, I just stated that I went straight to the library to give a book back and then exited the building, then when the interviewer mentioned the CCTV footage, I realized I needed to look and sound a bit absent-minded, forgetting what I did and why. I tried to mention that I went to the kitchen because I was hungry and started to say that I heard some people too. When she mentioned that I went to the basement, I said that it was because I needed a toilette or a place where I could check one thing, basically playing the ""Sorry but it's a bit embarassing"" card.",1,4,2,4,3,2,4,4,1,4,5,2,5,23,1,"MC1A",6,"https://moderated.jitsi.net/907544827c9a4306bcb47b38b6c88eb3e185ed9c96574d888736b03ecbe38d05","https://meet.jit.si/moderated/b8c0d8f1eb98a8089079d3a814d6b00836908d035347481bb0bca9ff9dcae604","https://samgu.eu.qualtrics.com/jfe/form/SV_2f886gyotJ1bB5A","subject-09","SoS",1,2,2,2,2,5,4,4,1
9,4,"R_vk6WbW318jiRRFD",2023-09-24 14:31:23,2023-09-24 15:16:34,0,100,2710,1,2023-09-24 15:16:35,"anonymous","EN","Chrome","116.0.0.0","Macintosh","1440x900",1,2,"bowl",5,7,"sos",4,5,5,5,3,1,1,"i pretended i was new from town looking for a job, so i was looking around which explained why i was seen on so many of the floors.
i also made sure to remember 2 witnesses so i could pass the blame onto them a little. 
when they saw footage of me on suspicious floors i said i was doing harmless things like toilet, looking for toiletries etc.",2,NA,5,1,5,4,4,5,4,5,1,5,5,3,7,22,2,"MC2A",2,"https://moderated.jitsi.net/907544827c9a4306bcb47b38b6c88eb3e185ed9c96574d888736b03ecbe38d05","https://meet.jit.si/moderated/b8c0d8f1eb98a8089079d3a814d6b00836908d035347481bb0bca9ff9dcae604","https://samgu.eu.qualtrics.com/jfe/form/SV_9mn8ojG9nl7lsii","subject-09","SoS",1,5,2,4.33333333333333,1,5,3,3.83333333333333,4.75
